file_name,intonations,duration,intonation_per_15,id,author_nickname,author_uniqueId,stats_collectCount,stats_commentCount,stats_diggCount,stats_shareCount,stats_playCount,video_duration,authorStats_followingCount,authorStats_followerCount,authorStats_heartCount,genre,authorStats_videoCount,authorStats_diggCount
7236516655826750725_pitch_values,9,12.629092970521542,10.68960378351106,7236516655826750725,Anya,anya.bumag,2295.0,20.0,6833.0,773.0,179200.0,12.0,278.0,818700.0,21800000.0,amazon,,
7310344854129642757_pitch_values,153,82.37603174603174,27.86004559039172,7310344854129642757,Sam Shan Shops ,sam.shan.shops,401100.0,4111.0,1100000.0,110600.0,15800000.0,82.0,937.0,1100000.0,41300000.0,amazon,,
7185585185465879854_pitch_values,54,35.616848072562355,22.74204607745704,7185585185465879854,Jared Andersen,stuffyouactuallyneed,1381.0,37.0,10100.0,377.0,131000.0,35.0,1083.0,1400000.0,65700000.0,amazon,,
7171239119006387502_pitch_values,11,18.062562358276644,9.134916559853067,7171239119006387502,Justice Buys,justicebuys,14600.0,217.0,86000.0,2344.0,1800000.0,18.0,66.0,1200000.0,36600000.0,amazon,,
7254545022639426822_pitch_values,68,47.55480725623583,21.44893563555025,7254545022639426822,Sam Shan Shops ,sam.shan.shops,23200.0,325.0,91300.0,11100.0,2200000.0,47.0,937.0,1100000.0,41300000.0,amazon,,
7254410849408797957_pitch_values,87,50.402154195011335,25.89175047857707,7254410849408797957,Sam Shan Shops ,sam.shan.shops,37200.0,494.0,131900.0,21000.0,3500000.0,50.0,937.0,1100000.0,41300000.0,amazon,,
7305075149299076358_pitch_values,72,33.26582766439909,32.465748662427245,7305075149299076358,Sam Shan Shops ,sam.shan.shops,2766.0,28.0,7430.0,283.0,235500.0,33.0,937.0,1100000.0,41300000.0,amazon,,
6860241089639550214_pitch_values,16,21.58909297052154,11.116724557520962,6860241089639550214,Jared Andersen,stuffyouactuallyneed,447.0,87.0,6184.0,201.0,107400.0,21.0,1083.0,1400000.0,65700000.0,amazon,,
7099984995715927301_pitch_values,9,13.987460317460318,9.65150191214353,7099984995715927301,Anya,anya.bumag,771.0,10.0,4097.0,84.0,81700.0,14.0,278.0,818700.0,21800000.0,amazon,,
7277685183816633646_pitch_values,42,34.04950113378685,18.50247372273128,7277685183816633646,Jared Andersen,stuffyouactuallyneed,1077.0,68.0,13000.0,279.0,179600.0,34.0,1083.0,1400000.0,65700000.0,amazon,,
7257601562061671685_pitch_values,32,19.26419501133787,24.916691287515405,7257601562061671685,Sam Shan Shops ,sam.shan.shops,3573.0,28.0,19300.0,1552.0,421400.0,19.0,937.0,1100000.0,41300000.0,amazon,,
6909995489333087493_pitch_values,26,17.513990929705216,22.267911498031378,6909995489333087493,Anya,anya.bumag,2784.0,61.0,35000.0,1113.0,544300.0,17.0,278.0,818700.0,21800000.0,amazon,,
7006080822990195974_pitch_values,5,18.42827664399093,4.069832543156221,7006080822990195974,Jared Andersen,stuffyouactuallyneed,12100.0,722.0,193700.0,8858.0,3300000.0,18.0,1083.0,1400000.0,65700000.0,amazon,,
7098430784482086186_pitch_values,24,17.696848072562357,20.34260556026093,7098430784482086186,Margaret & Stetson,everythingenvy,767.0,45.0,6723.0,1193.0,323600.0,17.0,27.0,406000.0,9400000.0,amazon,,
7201515135079353605_pitch_values,32,24.85439909297052,19.31247656418926,7201515135079353605,Sam Shan Shops ,sam.shan.shops,2968.0,10.0,10900.0,665.0,216800.0,24.0,937.0,1100000.0,41300000.0,amazon,,
7029486583434710278_pitch_values,11,12.811950113378686,12.878601504052162,7029486583434710278,Anya,anya.bumag,617.0,10.0,6424.0,227.0,78200.0,12.0,278.0,818700.0,21800000.0,amazon,,
7098727274781904174_pitch_values,36,46.90174603174603,11.51343064359468,7098727274781904174,AMAZON FINDS,ariellebrimhall,0.0,0.0,18.0,0.0,618.0,47.0,1988.0,209600.0,2900000.0,amazon,,
7175544526260587822_pitch_values,11,12.733582766439907,12.957861351862965,7175544526260587822,Jared Andersen,stuffyouactuallyneed,282.0,10.0,3730.0,176.0,89900.0,12.0,1083.0,1400000.0,65700000.0,amazon,,
7216004876747148550_pitch_values,19,17.513990929705216,16.2727045562537,7216004876747148550,Sam Shan Shops ,sam.shan.shops,1554.0,9.0,7359.0,319.0,217800.0,17.0,937.0,1100000.0,41300000.0,amazon,,
7203841878519811333_pitch_values,25,17.931950113378686,20.91239366767029,7203841878519811333,Sam Shan Shops ,sam.shan.shops,16100.0,246.0,83100.0,15000.0,2600000.0,17.0,937.0,1100000.0,41300000.0,amazon,,
7084024923974290730_pitch_values,15,39.06501133786848,5.759629711969175,7084024923974290730,AMAZON FINDS,ariellebrimhall,1.0,0.0,8.0,0.0,347.0,39.0,1988.0,209600.0,2900000.0,amazon,,
7124717676865359150_pitch_values,29,28.433174603174603,15.29903030776703,7124717676865359150,AMAZON FINDS,ariellebrimhall,11.0,3.0,52.0,6.0,3499.0,28.0,1988.0,209600.0,2900000.0,amazon,,
7309939804400110853_pitch_values,26,17.27888888888889,22.570895762330395,7309939804400110853,Sam Shan Shops ,sam.shan.shops,20200.0,235.0,100200.0,7899.0,1900000.0,17.0,937.0,1100000.0,41300000.0,amazon,,
7299930664323861765_pitch_values,12,15.73766439909297,11.43752944753188,7299930664323861765,Anya,anya.bumag,16400.0,379.0,52000.0,7074.0,2200000.0,15.0,278.0,818700.0,21800000.0,amazon,,
7100350422400945413_pitch_values,6,14.640521541950111,6.147321988640852,7100350422400945413,Anya,anya.bumag,1559.0,13.0,8162.0,110.0,108900.0,14.0,278.0,818700.0,21800000.0,amazon,,
7300089624154721579_pitch_values,27,18.42827664399093,21.9770957330436,7300089624154721579,Justice Buys,justicebuys,631.0,6.0,2926.0,83.0,101000.0,18.0,66.0,1200000.0,36600000.0,amazon,,
7294375317786037550_pitch_values,34,26.891950113378684,18.964783061466267,7294375317786037550,Jared Andersen,stuffyouactuallyneed,574.0,30.0,7928.0,33.0,131200.0,26.0,1083.0,1400000.0,65700000.0,amazon,,
7073199658184559918_pitch_values,25,19.73439909297052,19.00235209764136,7073199658184559918,Margaret & Stetson,everythingenvy,58.0,7.0,609.0,15.0,17700.0,19.0,27.0,406000.0,9400000.0,amazon,,
7158213573662231854_pitch_values,6,21.74582766439909,4.1387249723928585,7158213573662231854,Justice Buys,justicebuys,1989.0,7.0,6998.0,222.0,169300.0,21.0,66.0,1200000.0,36600000.0,amazon,,
7167758721903332614_pitch_values,19,23.67888888888889,12.036037726995447,7167758721903332614,Sam Shan Shops ,sam.shan.shops,590.0,12.0,1988.0,53.0,82500.0,23.0,937.0,1100000.0,41300000.0,amazon,,
7094004328138067243_pitch_values,15,14.640521541950111,15.368304971602129,7094004328138067243,Jared Andersen,stuffyouactuallyneed,1112.0,129.0,12600.0,963.0,266600.0,14.0,1083.0,1400000.0,65700000.0,amazon,,
7242394118993939758_pitch_values,26,43.71480725623583,8.921462188178063,7242394118993939758,Justice Buys,justicebuys,6730.0,120.0,35600.0,1400.0,417100.0,43.0,66.0,1200000.0,36600000.0,amazon,,
7230201662491659525_pitch_values,15,16.965419501133788,13.2622715273833,7230201662491659525,Anya,anya.bumag,1936.0,7.0,4282.0,253.0,107800.0,16.0,278.0,818700.0,21800000.0,amazon,,
7195558847606508806_pitch_values,29,24.2797052154195,17.916197752011467,7195558847606508806,Sam Shan Shops ,sam.shan.shops,3054.0,67.0,12100.0,2575.0,213000.0,24.0,937.0,1100000.0,41300000.0,amazon,,
7228337648539061509_pitch_values,15,17.14827664399093,13.12085200578124,7228337648539061509,Sam Shan Shops ,sam.shan.shops,4563.0,62.0,23900.0,1155.0,543000.0,17.0,937.0,1100000.0,41300000.0,amazon,,
7044307550761946414_pitch_values,12,12.393990929705216,14.523166994465535,7044307550761946414,Margaret & Stetson,everythingenvy,81.0,2.0,963.0,47.0,64200.0,12.0,27.0,406000.0,9400000.0,amazon,,
7005687437066243333_pitch_values,2,11.375215419501131,2.6373126919925767,7005687437066243333,Jared Andersen,stuffyouactuallyneed,109.0,22.0,1853.0,163.0,65100.0,11.0,1083.0,1400000.0,65700000.0,amazon,,
6856157769188265221_pitch_values,6,15.16297052154195,5.935512429582151,6856157769188265221,Jared Andersen,stuffyouactuallyneed,223.0,68.0,14400.0,54.0,188400.0,15.0,1083.0,1400000.0,65700000.0,amazon,,
7040928653991054598_pitch_values,7,10.696031746031746,9.816724790383615,7040928653991054598,Anya,anya.bumag,277.0,7.0,2174.0,44.0,52400.0,10.0,278.0,818700.0,21800000.0,amazon,,
7145951014259133702_pitch_values,13,22.00705215419501,8.860796013646418,7145951014259133702,Sam Shan Shops ,sam.shan.shops,956.0,6.0,2397.0,149.0,71300.0,22.0,937.0,1100000.0,41300000.0,amazon,,
7003772914784865542_pitch_values,22,21.510725623582765,15.341184010929526,7003772914784865542,Margaret & Stetson,everythingenvy,52.0,1.0,638.0,71.0,42900.0,21.0,27.0,406000.0,9400000.0,amazon,,
7348620171407363371_pitch_values,14,8.606235827664399,24.40091164187756,7348620171407363371,Margaret & Stetson,everythingenvy,297.0,6.0,560.0,100.0,34500.0,8.0,27.0,406000.0,9400000.0,amazon,,
7202039106061257989_pitch_values,16,18.29766439909297,13.116428127947138,7202039106061257989,Sam Shan Shops ,sam.shan.shops,2632.0,13.0,9233.0,1514.0,216400.0,18.0,937.0,1100000.0,41300000.0,amazon,,
7188965099011345710_pitch_values,16,18.663378684807256,12.85940793750114,7188965099011345710,Justice Buys,justicebuys,31400.0,456.0,197800.0,10000.0,4200000.0,18.0,66.0,1200000.0,36600000.0,amazon,,
7179367511320726790_pitch_values,17,15.894399092970522,16.043387265440984,7179367511320726790,Sam Shan Shops ,sam.shan.shops,1825.0,13.0,6463.0,545.0,164600.0,15.0,937.0,1100000.0,41300000.0,amazon,,
7200550508065524998_pitch_values,11,16.808684807256235,9.816353979626664,7200550508065524998,Sam Shan Shops ,sam.shan.shops,5917.0,50.0,25700.0,2377.0,729900.0,16.0,937.0,1100000.0,41300000.0,amazon,,
7349997800874102062_pitch_values,22,23.26092970521542,14.18687920827212,7349997800874102062,Sarah Lindner,thehouseofsequins,1837.0,14.0,4311.0,405.0,214400.0,23.0,27.0,417300.0,14300000.0,amazon,,
7204856507178011950_pitch_values,18,22.71235827664399,11.887801201060288,7204856507178011950,Sarah Lindner,thehouseofsequins,108.0,2.0,393.0,17.0,10400.0,22.0,27.0,417300.0,14300000.0,amazon,,
7236409616878423302_pitch_values,21,24.67154195011338,12.767746768197128,7236409616878423302,Sam Shan Shops ,sam.shan.shops,7475.0,41.0,34600.0,4912.0,620000.0,24.0,937.0,1100000.0,41300000.0,amazon,,
7194129838561676587_pitch_values,21,16.338480725623583,19.279638375799934,7194129838561676587,Justice Buys,justicebuys,3655.0,47.0,23200.0,716.0,572300.0,16.0,66.0,1200000.0,36600000.0,amazon,,
7169713529132420358_pitch_values,29,20.62256235827664,21.09340209246197,7169713529132420358,Sam Shan Shops ,sam.shan.shops,922.0,16.0,3284.0,261.0,157400.0,20.0,937.0,1100000.0,41300000.0,amazon,,
7184594923650305322_pitch_values,39,19.420929705215418,30.122141878866927,7184594923650305322,Margaret & Stetson,everythingenvy,893.0,3.0,2788.0,158.0,79700.0,19.0,27.0,406000.0,9400000.0,amazon,,
7161077330792811782_pitch_values,19,21.27562358276644,13.395612067081975,7161077330792811782,Sam Shan Shops ,sam.shan.shops,167.0,3.0,724.0,22.0,34900.0,21.0,937.0,1100000.0,41300000.0,amazon,,
7293648321652985130_pitch_values,62,54.790725623582766,16.97367555212143,7293648321652985130,Jared Andersen,stuffyouactuallyneed,2050.0,36.0,15100.0,220.0,163100.0,54.0,1083.0,1400000.0,65700000.0,amazon,,
7077566747318062382_pitch_values,24,20.72705215419501,17.368605883839518,7077566747318062382,Sarah Lindner,thehouseofsequins,117.0,8.0,1370.0,35.0,18700.0,20.0,27.0,417300.0,14300000.0,amazon,,
7366018710248672517_pitch_values,34,16.625827664399093,30.67516458696752,7366018710248672517,Sam Shan Shops ,sam.shan.shops,4891.0,46.0,21500.0,2533.0,774700.0,16.0,937.0,1100000.0,41300000.0,amazon,,
6939293230886292741_pitch_values,15,16.730317460317462,13.448639007220043,6939293230886292741,Anya,anya.bumag,1648.0,33.0,13300.0,538.0,206400.0,16.0,278.0,818700.0,21800000.0,amazon,,
7335562674899635461_pitch_values,38,18.40215419501133,30.97463448896228,7335562674899635461,Sam Shan Shops ,sam.shan.shops,49200.0,228.0,153000.0,8930.0,2500000.0,18.0,937.0,1100000.0,41300000.0,amazon,,
7298848747755146542_pitch_values,39,38.22909297052154,15.30248181538321,7298848747755146542,Jared Andersen,stuffyouactuallyneed,1018.0,23.0,8109.0,80.0,118000.0,38.0,1083.0,1400000.0,65700000.0,amazon,,
7298726899356929285_pitch_values,28,23.26092970521542,18.056028083255427,7298726899356929285,Sam Shan Shops ,sam.shan.shops,2609.0,39.0,16100.0,992.0,362800.0,23.0,937.0,1100000.0,41300000.0,amazon,,
7083855279896628526_pitch_values,16,12.498480725623583,19.20233388910761,7083855279896628526,Sarah Lindner,thehouseofsequins,61.0,6.0,1065.0,16.0,27200.0,12.0,27.0,417300.0,14300000.0,amazon,,
7264730735444053290_pitch_values,88,65.99725623582766,20.000831478254955,7264730735444053290,Justice Buys,justicebuys,353500.0,8091.0,1800000.0,79800.0,22000000.0,66.0,66.0,1200000.0,36600000.0,amazon,,
7214836838295506218_pitch_values,13,19.68215419501134,9.9074521044767,7214836838295506218,Sarah Lindner,thehouseofsequins,118.0,1.0,473.0,26.0,8677.0,19.0,27.0,417300.0,14300000.0,amazon,,
7217228193017826566_pitch_values,13,16.547460317460317,11.78428570058226,7217228193017826566,Anya,anya.bumag,2492.0,36.0,7581.0,629.0,207400.0,16.0,278.0,818700.0,21800000.0,amazon,,
7291427155118984490_pitch_values,32,29.86990929705216,16.069683882413763,7291427155118984490,Jared Andersen,stuffyouactuallyneed,872.0,45.0,10200.0,261.0,143400.0,29.0,1083.0,1400000.0,65700000.0,amazon,,
7073541372002798890_pitch_values,20,15.894399092970522,18.87457325345998,7073541372002798890,Sarah Lindner,thehouseofsequins,266.0,15.0,2570.0,104.0,41000.0,15.0,27.0,417300.0,14300000.0,amazon,,
7205731316908821766_pitch_values,29,19.73439909297052,22.04272843326397,7205731316908821766,Sam Shan Shops ,sam.shan.shops,10300.0,67.0,54300.0,4818.0,1200000.0,19.0,937.0,1100000.0,41300000.0,amazon,,
7339753609657093418_pitch_values,30,19.55154195011338,23.016087485488093,7339753609657093418,Justice Buys,justicebuys,2279.0,24.0,11000.0,296.0,163300.0,19.0,66.0,1200000.0,36600000.0,amazon,,
7218730784381865222_pitch_values,31,36.60950113378685,12.701620770539597,7218730784381865222,Sam Shan Shops ,sam.shan.shops,4112.0,30.0,12900.0,771.0,198400.0,36.0,937.0,1100000.0,41300000.0,amazon,,
7307737102316293381_pitch_values,108,56.20133786848073,28.824936584090484,7307737102316293381,Sam Shan Shops ,sam.shan.shops,21000.0,184.0,66400.0,3126.0,2700000.0,56.0,937.0,1100000.0,41300000.0,amazon,,
7187523128644406571_pitch_values,17,20.07399092970521,12.703004643817714,7187523128644406571,Jared Andersen,stuffyouactuallyneed,11100.0,213.0,78700.0,5110.0,2700000.0,20.0,1083.0,1400000.0,65700000.0,amazon,,
7336590977735363886_pitch_values,35,42.04297052154195,12.4872242252959,7336590977735363886,Sarah Lindner,thehouseofsequins,46300.0,423.0,116500.0,5965.0,2900000.0,42.0,27.0,417300.0,14300000.0,amazon,,
7219304142718635270_pitch_values,16,18.2192970521542,13.172846313059214,7219304142718635270,Sam Shan Shops ,sam.shan.shops,54100.0,363.0,207200.0,22300.0,3500000.0,18.0,937.0,1100000.0,41300000.0,amazon,,
7020851269514431750_pitch_values,25,23.9662358276644,15.647012851602453,7020851269514431750,Sarah Lindner,thehouseofsequins,28.0,4.0,752.0,7.0,15500.0,24.0,27.0,417300.0,14300000.0,amazon,,
7278759417238129926_pitch_values,14,14.87562358276644,14.117055250261044,7278759417238129926,Anya,anya.bumag,21400.0,244.0,65800.0,7242.0,2300000.0,14.0,278.0,818700.0,21800000.0,amazon,,
7333657516389321989_pitch_values,33,16.808684807256235,29.44906193888,7333657516389321989,Sam Shan Shops ,sam.shan.shops,25300.0,444.0,113200.0,8904.0,2100000.0,16.0,937.0,1100000.0,41300000.0,amazon,,
6985308081093709062_pitch_values,15,16.57358276643991,13.57582142441801,6985308081093709062,Sarah Lindner,thehouseofsequins,32.0,3.0,1764.0,12.0,22500.0,16.0,27.0,417300.0,14300000.0,amazon,,
7225753297691479301_pitch_values,12,17.592358276643992,10.231715223704374,7225753297691479301,Anya,anya.bumag,2837.0,18.0,8185.0,331.0,226000.0,17.0,278.0,818700.0,21800000.0,amazon,,
7205233800182271275_pitch_values,12,14.901746031746033,12.079121440973148,7205233800182271275,Sarah Lindner,thehouseofsequins,81.0,0.0,174.0,5.0,6210.0,14.0,27.0,417300.0,14300000.0,amazon,,
7269443103222713643_pitch_values,70,53.4062358276644,19.66062546306813,7269443103222713643,Jared Andersen,stuffyouactuallyneed,791.0,25.0,8827.0,222.0,98700.0,53.0,1083.0,1400000.0,65700000.0,amazon,,
7249776989316336901_pitch_values,54,51.13358276643991,15.840861449114431,7249776989316336901,Sam Shan Shops ,sam.shan.shops,6232.0,52.0,19200.0,2278.0,523100.0,51.0,937.0,1100000.0,41300000.0,amazon,,
7280978864224947461_pitch_values,37,22.16378684807256,25.040847207401505,7280978864224947461,Sam Shan Shops ,sam.shan.shops,21000.0,569.0,116500.0,33100.0,2700000.0,22.0,937.0,1100000.0,41300000.0,amazon,,
6968851528081755397_pitch_values,29,24.514807256235827,17.74437773274147,6968851528081755397,Sarah Lindner,thehouseofsequins,148.0,13.0,2773.0,62.0,27200.0,24.0,27.0,417300.0,14300000.0,amazon,,
7310314995332533547_pitch_values,20,17.513990929705216,17.12916269079337,7310314995332533547,Justice Buys,justicebuys,1027.0,23.0,9231.0,96.0,179100.0,17.0,66.0,1200000.0,36600000.0,amazon,,
7101426177033669931_pitch_values,13,20.51807256235828,9.50381666734818,7101426177033669931,Jared Andersen,stuffyouactuallyneed,7815.0,290.0,120800.0,1354.0,2400000.0,20.0,1083.0,1400000.0,65700000.0,amazon,,
7039071783579831557_pitch_values,10,10.696031746031746,14.02389255769088,7039071783579831557,Anya,anya.bumag,843.0,15.0,6333.0,103.0,81900.0,10.0,278.0,818700.0,21800000.0,amazon,,
7152896605312634117_pitch_values,27,32.09031746031746,12.620629275507127,7152896605312634117,Sam Shan Shops ,sam.shan.shops,498.0,7.0,1820.0,48.0,64400.0,32.0,937.0,1100000.0,41300000.0,amazon,,
7357078531039350021_pitch_values,23,19.05521541950113,18.105279442127248,7357078531039350021,Anya,anya.bumag,1065.0,14.0,3331.0,186.0,89800.0,19.0,278.0,818700.0,21800000.0,amazon,,
6958587151793556742_pitch_values,13,19.316439909297053,10.095027909679462,6958587151793556742,Anya,anya.bumag,32700.0,739.0,213900.0,20900.0,3600000.0,19.0,278.0,818700.0,21800000.0,amazon,,
7093681045958085893_pitch_values,16,12.211133786848071,19.65419462183688,7093681045958085893,Anya,anya.bumag,1188.0,17.0,7198.0,112.0,147200.0,12.0,278.0,818700.0,21800000.0,amazon,,
7370414643845549342_pitch_values,16,12.550725623582766,19.12240034544624,7370414643845549342,Justice Buys,justicebuys,1528.0,65.0,8190.0,494.0,171500.0,12.0,66.0,1200000.0,36600000.0,amazon,,
6875463260485782790_pitch_values,24,37.94174603174603,9.488229658666375,6875463260485782790,Jared Andersen,stuffyouactuallyneed,1997.0,157.0,47700.0,1435.0,315000.0,37.0,1083.0,1400000.0,65700000.0,amazon,,
7130093245006204165_pitch_values,10,20.07399092970521,7.472355672833949,7130093245006204165,Sam Shan Shops ,sam.shan.shops,557.0,28.0,2247.0,163.0,93300.0,20.0,937.0,1100000.0,41300000.0,amazon,,
7189396210497735982_pitch_values,32,12.080521541950114,39.73338388853329,7189396210497735982,Margaret & Stetson,everythingenvy,271.0,1.0,1221.0,36.0,42000.0,12.0,27.0,406000.0,9400000.0,amazon,,
7096599451891961131_pitch_values,11,12.576848072562358,13.1193442942166,7096599451891961131,Jared Andersen,stuffyouactuallyneed,874.0,40.0,7142.0,193.0,144500.0,12.0,1083.0,1400000.0,65700000.0,amazon,,
7021521007458503942_pitch_values,22,17.46174603174603,18.898453762873945,7021521007458503942,Sarah Lindner,thehouseofsequins,73.0,3.0,910.0,50.0,21200.0,17.0,27.0,417300.0,14300000.0,amazon,,
7158836355827617029_pitch_values,24,26.8397052154195,13.412964006518925,7158836355827617029,Sam Shan Shops ,sam.shan.shops,1001.0,26.0,3989.0,195.0,84400.0,26.0,937.0,1100000.0,41300000.0,amazon,,
7017066328842358021_pitch_values,24,19.133582766439908,18.81508572620472,7017066328842358021,Sarah Lindner,thehouseofsequins,71.0,2.0,1063.0,38.0,18100.0,19.0,27.0,417300.0,14300000.0,amazon,,
7217975957972356357_pitch_values,7,14.640521541950111,7.171875653414327,7217975957972356357,Anya,anya.bumag,2406.0,21.0,8653.0,619.0,232000.0,14.0,278.0,818700.0,21800000.0,amazon,,
7143333264667757870_pitch_values,29,18.40215419501133,23.63853684683963,7143333264667757870,Margaret & Stetson,everythingenvy,456.0,4.0,2196.0,42.0,51600.0,18.0,27.0,406000.0,9400000.0,amazon,,
7306201830168481054_pitch_values,82,150.3727664399093,8.179672617059435,7306201830168481054,,delaneylynnesmith,71900.0,1365.0,148800.0,4949.0,2100000.0,,255.0,279600.0,7200000.0,bookrecs,958.0,1696.0
7320782185550679338_pitch_values,59,199.5613378684808,4.434726733407911,7320782185550679338,,alyssaathenaa,11000.0,257.0,25800.0,148.0,235900.0,,326.0,47200.0,1000000.0,bookrecs,269.0,14300.0
7288699360202820870_pitch_values,49,91.62337868480724,8.021970053390705,7288699360202820870,,olive.library,4567.0,73.0,8428.0,67.0,143000.0,,388.0,20200.0,1700000.0,bookrecs,454.0,12400.0
7319647306595257642_pitch_values,4,15.476439909297053,3.8768605927230473,7319647306595257642,,sinisterbookrecs,141500.0,2960.0,576800.0,25400.0,5000000.0,,49.0,30000.0,733700.0,bookrecs,689.0,791.0
7376083784275332398_pitch_values,50,89.82092970521542,8.349946971840923,7376083784275332398,,jolie_reads,13000.0,200.0,45100.0,749.0,365900.0,,832.0,260500.0,7100000.0,bookrecs,1211.0,15100.0
7351549208228580654_pitch_values,76,166.77766439909297,6.835447684841184,7351549208228580654,,babygyalreadit,2183.0,117.0,4735.0,77.0,62700.0,,414.0,54100.0,1900000.0,bookrecs,554.0,24400.0
7257698617966791978_pitch_values,212,253.0078684807256,12.568779062467204,7257698617966791978,,ellalucillee,20700.0,249.0,79700.0,623.0,1300000.0,,358.0,55700.0,1400000.0,bookrecs,72.0,24900.0
7244229543853083909_pitch_values,92,177.8797052154195,7.75805198422588,7244229543853083909,,lettersfrommads,147300.0,2184.0,484200.0,7891.0,6600000.0,,62.0,128800.0,3100000.0,bookrecs,214.0,3616.0
7299602559377984811_pitch_values,228,266.27807256235826,12.843716221504074,7299602559377984811,,alexisxleanne,37300.0,864.0,156300.0,460.0,1100000.0,,276.0,125400.0,4000000.0,bookrecs,195.0,6481.0
7367504345836850478_pitch_values,88,190.4184807256236,6.932100261329176,7367504345836850478,,delaneylynnesmith,6918.0,1781.0,21600.0,373.0,278400.0,,255.0,279600.0,7200000.0,bookrecs,958.0,1696.0
7338194698655386885_pitch_values,26,25.324603174603176,15.400043874768873,7338194698655386885,,cassiesbooktok,20500.0,879.0,145100.0,479.0,1300000.0,,202.0,1100000.0,386800000.0,bookrecs,3700.0,79200.0
7339685407170514222_pitch_values,115,128.3515419501134,13.439651552222555,7339685407170514222,,whereismylibrarycard,1521.0,321.0,5463.0,68.0,53100.0,,733.0,40200.0,794400.0,bookrecs,441.0,25600.0
7386379881363361032_pitch_values,46,103.56133786848072,6.66271809732968,7386379881363361032,,ashsreads,57700.0,409.0,91400.0,6073.0,1200000.0,,575.0,82700.0,2400000.0,bookrecs,1849.0,11300.0
7390934628724591918_pitch_values,67,154.00378684807256,6.525813556724096,7390934628724591918,,sybrenna,2247.0,39.0,4213.0,131.0,52500.0,,871.0,10200.0,130800.0,bookrecs,278.0,33700.0
7378527790661930283_pitch_values,20,325.60215419501134,0.9213698255212478,7378527790661930283,,vinopapi23,161600.0,4487.0,289900.0,19600.0,3100000.0,,755.0,149000.0,1200000.0,bookrecs,68.0,26600.0
7371880959496506666_pitch_values,9,77.46501133786848,1.7427222647807936,7371880959496506666,,jolie_reads,161200.0,5215.0,691100.0,10800.0,5500000.0,,832.0,260500.0,7100000.0,bookrecs,1211.0,15100.0
7356038668194172206_pitch_values,8,7.300113378684808,16.438100858869024,7356038668194172206,,caitlinbea,24800.0,1127.0,202500.0,17500.0,1600000.0,,129.0,248500.0,6700000.0,bookrecs,682.0,8673.0
7257183546362662187_pitch_values,101,146.8984807256236,10.313244851250104,7257183546362662187,,caroline_cares,81200.0,3029.0,338600.0,3349.0,4900000.0,,896.0,143900.0,9300000.0,bookrecs,469.0,483400.0
7326215274233892127_pitch_values,13,217.06337868480725,0.8983551310290577,7326215274233892127,,kaylafig,72300.0,746.0,158300.0,2052.0,1700000.0,,73.0,26200.0,1400000.0,bookrecs,559.0,3031.0
7393052082581916971_pitch_values,67,61.16460317460317,16.431072022671064,7393052082581916971,,edensarchives,1506.0,63.0,4705.0,89.0,47900.0,,147.0,81200.0,9000000.0,bookrecs,548.0,1833.0
7200447378254499077_pitch_values,33,81.12215419501133,6.101908965706933,7200447378254499077,,edenvictorria,33500.0,352.0,90100.0,1579.0,822600.0,,119.0,740800.0,22300000.0,bookrecs,246.0,64600.0
7351548823702883627_pitch_values,20,62.96705215419501,4.764396453963794,7351548823702883627,,thecalvinbooks,4189.0,611.0,62200.0,1107.0,345500.0,,739.0,576600.0,43100000.0,bookrecs,838.0,163000.0
7155093499535412526_pitch_values,9,19.96950113378685,6.760309088121908,7155093499535412526,,books.with.lee,875.0,46.0,3404.0,28.0,220300.0,,453.0,105600.0,1400000.0,bookrecs,869.0,20300.0
7372629265851878699_pitch_values,7,74.35643990929705,1.4121170960858695,7372629265851878699,,emmahalbrook,10500.0,525.0,28400.0,504.0,363100.0,,478.0,81600.0,2200000.0,bookrecs,515.0,7865.0
7190851107457912107_pitch_values,56,96.45603174603174,8.708631122330596,7190851107457912107,,laurenrobertslibrary,55200.0,663.0,166600.0,1763.0,3000000.0,,359.0,562800.0,22500000.0,bookrecs,345.0,5618.0
7312281982019341610_pitch_values,109,226.5458276643991,7.217082816559569,7312281982019341610,,magswrld,7151.0,270.0,10900.0,65.0,161300.0,,374.0,18800.0,3700000.0,bookrecs,497.0,111300.0
7318587051773791531_pitch_values,71,94.83643990929706,11.229860600193147,7318587051773791531,,ro.layy,263100.0,2139.0,338600.0,25000.0,3800000.0,,224.0,19500.0,745200.0,bookrecs,212.0,4885.0
7259531144150994219_pitch_values,8,209.8535827664399,0.5718272636477025,7259531144150994219,,bradys_bookshelf,181800.0,3003.0,304600.0,10300.0,3300000.0,,252.0,79600.0,1700000.0,bookrecs,215.0,12200.0
7143734811121929518_pitch_values,0,13.935215419501134,0.0,7143734811121929518,,williampdozier,84900.0,1253.0,252200.0,2751.0,5000000.0,,142.0,117900.0,2900000.0,bookrecs,261.0,1542.0
7359299636139412782_pitch_values,98,168.34501133786847,8.732067486393818,7359299636139412782,,delaneylynnesmith,33900.0,458.0,69300.0,3608.0,1100000.0,,255.0,279600.0,7200000.0,bookrecs,958.0,1696.0
7327337915544112415_pitch_values,92,282.1605215419501,4.890833035247382,7327337915544112415,,kaylafig,21900.0,226.0,47200.0,771.0,765300.0,,73.0,26200.0,1400000.0,bookrecs,559.0,3031.0
7347828200753483039_pitch_values,218,222.60133786848075,14.689938664843112,7347828200753483039,,caitlinbea,34700.0,514.0,58400.0,1489.0,1700000.0,,129.0,248500.0,6700000.0,bookrecs,682.0,8673.0
7354083757772557611_pitch_values,20,15.241337868480723,19.68331143819098,7354083757772557611,,edensarchives,1846.0,98.0,11200.0,64.0,119000.0,,147.0,81200.0,9000000.0,bookrecs,548.0,1833.0
7328151561505557806_pitch_values,69,146.29766439909298,7.074617385391539,7328151561505557806,,delaneylynnesmith,40100.0,672.0,94800.0,1687.0,1100000.0,,255.0,279600.0,7200000.0,bookrecs,958.0,1696.0
7391454201072733470_pitch_values,135,225.1090929705216,8.99563839593622,7391454201072733470,,abbiekonnick,1948.0,256.0,5928.0,114.0,110500.0,,670.0,221400.0,4200000.0,bookrecs,1633.0,15300.0
7247548300814224686_pitch_values,3,6.307460317460317,7.134408737448726,7247548300814224686,,bradylockerby,5840.0,125.0,13300.0,188.0,326100.0,,373.0,616300.0,11600000.0,bookrecs,2469.0,43500.0
7288523866446630174_pitch_values,113,176.80868480725624,9.586633155762478,7288523866446630174,,jolie_reads,31900.0,469.0,81000.0,810.0,649900.0,,832.0,260500.0,7100000.0,bookrecs,1211.0,15100.0
7313334711596895534_pitch_values,96,153.2984807256236,9.393439473006508,7313334711596895534,,bookclubwannabe,32400.0,1037.0,112900.0,1198.0,1200000.0,,523.0,242200.0,7300000.0,bookrecs,525.0,4566.0
7222453177890147630_pitch_values,79,173.3605215419501,6.835466284134657,7222453177890147630,,aapueoreads,3960.0,108.0,19300.0,143.0,150500.0,,240.0,48000.0,2900000.0,bookrecs,1097.0,29000.0
7242372071135743259_pitch_values,78,237.4388888888889,4.927583705748847,7242372071135743259,,bookishbytammi,10400.0,210.0,23500.0,503.0,231500.0,,385.0,117300.0,1900000.0,bookrecs,320.0,4434.0
7258790041474927918_pitch_values,60,155.98909297052154,5.769634163909652,7258790041474927918,,_thebookwasbetter,6707.0,198.0,16200.0,270.0,280400.0,,105.0,142800.0,3100000.0,bookrecs,276.0,1281.0
7344775987466341675_pitch_values,100,227.642970521542,6.589265623108948,7344775987466341675,,bonreviewsbooks,34600.0,363.0,45000.0,2378.0,1200000.0,,853.0,45200.0,3000000.0,bookrecs,950.0,43100.0
7379760989257960750_pitch_values,81,134.49031746031747,9.034107606731586,7379760989257960750,,meagan.carioti,17200.0,287.0,49500.0,955.0,399100.0,,1012.0,70900.0,4800000.0,bookrecs,2223.0,15100.0
7360064758956969259_pitch_values,125,256.76950113378683,7.302269123555497,7360064758956969259,,alexisxleanne,103400.0,5071.0,335100.0,7318.0,2400000.0,,276.0,125400.0,4000000.0,bookrecs,195.0,6481.0
7335219530878209311_pitch_values,81,163.7474603174603,7.419962408238005,7335219530878209311,,meagan.carioti,219400.0,2711.0,533100.0,8397.0,6200000.0,,1012.0,70900.0,4800000.0,bookrecs,2223.0,15100.0
7270658065752395051_pitch_values,173,278.8168480725624,9.30718504975226,7270658065752395051,,ellalucillee,138800.0,1600.0,448100.0,4773.0,5900000.0,,358.0,55700.0,1400000.0,bookrecs,72.0,24900.0
7347167896663100714_pitch_values,83,342.7646031746032,3.632230365881161,7347167896663100714,,tatis_corner,93800.0,1461.0,238100.0,4570.0,2200000.0,,74.0,44100.0,1100000.0,bookrecs,148.0,7496.0
7209030204805614894_pitch_values,40,63.77684807256236,9.407802645206733,7209030204805614894,,books.with.lee,704.0,113.0,4046.0,39.0,103600.0,,453.0,105600.0,1400000.0,bookrecs,869.0,20300.0
7252424500963200298_pitch_values,70,177.67072562358277,5.909808699856125,7252424500963200298,,bradylockerby,476600.0,8918.0,981600.0,32500.0,14900000.0,,373.0,616300.0,11600000.0,bookrecs,2469.0,43500.0
7333300706289470753_pitch_values,36,124.407052154195,4.340589947671959,7333300706289470753,,bookishbytammi,2382.0,273.0,9788.0,96.0,99400.0,,385.0,117300.0,1900000.0,bookrecs,320.0,4434.0
7302472195245313326_pitch_values,123,182.13766439909296,10.12970055417702,7302472195245313326,,lyssasreading,37100.0,262.0,82100.0,691.0,1200000.0,,102.0,18700.0,1800000.0,bookrecs,69.0,4575.0
7359649024523160874_pitch_values,45,194.8592970521542,3.464037950518398,7359649024523160874,,bradylockerby,40100.0,1392.0,81400.0,4667.0,1600000.0,,373.0,616300.0,11600000.0,bookrecs,2469.0,43500.0
7371299242075262254_pitch_values,31,217.4290929705216,2.138628247246764,7371299242075262254,,amandaalmareads,2020.0,17.0,2928.0,59.0,40600.0,,5.0,2751.0,480000.0,bookrecs,340.0,18.0
7382743508928433451_pitch_values,61,540.8772562358276,1.6916962017738295,7382743508928433451,,booksforlosers,38600.0,411.0,79100.0,1226.0,532400.0,,3671.0,57800.0,6000000.0,bookrecs,1244.0,172800.0
7393772132934765854_pitch_values,12,78.77113378684807,2.285101043322211,7393772132934765854,,ajlanereads,1947.0,173.0,4085.0,133.0,39700.0,,68.0,31000.0,290600.0,bookrecs,133.0,2539.0
7387087317946715435_pitch_values,241,247.44378684807256,14.6093787443512,7387087317946715435,,mariannasreads,15700.0,370.0,29100.0,1146.0,271400.0,,43.0,127000.0,2500000.0,bookrecs,109.0,5161.0
7339756750112918827_pitch_values,85,47.9727664399093,26.57757921042693,7339756750112918827,,dm6589,42100.0,296.0,93600.0,1269.0,1000000.0,,774.0,198600.0,27200000.0,bookrecs,1596.0,17600.0
7382285833417608454_pitch_values,31,114.95072562358276,4.045211524133283,7382285833417608454,,bigbooklady,103900.0,691.0,156300.0,3994.0,1400000.0,,584.0,263600.0,9900000.0,bookrecs,607.0,20900.0
7377814885679238442_pitch_values,193,245.4846031746032,11.793000304548244,7377814885679238442,,mariannasreads,92200.0,1459.0,180200.0,10300.0,1500000.0,,43.0,127000.0,2500000.0,bookrecs,109.0,5161.0
7384833760866454814_pitch_values,74,200.47562358276645,5.536832758830332,7384833760866454814,,books.with.laur,2744.0,50.0,7221.0,119.0,57100.0,,350.0,20900.0,1200000.0,bookrecs,342.0,7518.0
7348813936663350570_pitch_values,16,67.25113378684807,3.5687130682536603,7348813936663350570,,tayrosen,65600.0,734.0,139400.0,2827.0,1500000.0,,485.0,355600.0,17300000.0,bookrecs,436.0,5392.0
7190418883071806762_pitch_values,10,28.459297052154195,5.270685348450865,7190418883071806762,,nateliason,5341.0,114.0,10600.0,507.0,352300.0,,159.0,120300.0,1700000.0,bookrecs,265.0,11800.0
7381539350879980846_pitch_values,10,59.59725623582767,2.516894392024469,7381539350879980846,,sybrenna,1133.0,81.0,4250.0,56.0,31400.0,,871.0,10200.0,130800.0,bookrecs,278.0,33700.0
7225092945530096942_pitch_values,48,171.5580725623583,4.1968296172031945,7225092945530096942,,aapueoreads,123700.0,1187.0,260200.0,8501.0,2000000.0,,240.0,48000.0,2900000.0,bookrecs,1097.0,29000.0
7363314315488742699_pitch_values,36,26.944195011337868,20.041422643087795,7363314315488742699,,shawnacischroeder,44500.0,525.0,67400.0,9131.0,543000.0,,18.0,210700.0,12300000.0,bookrecs,1319.0,21300.0
7390461645258116395_pitch_values,43,47.73766439909297,13.511343885777856,7390461645258116395,,probablyoffreading,20400.0,1453.0,117700.0,1861.0,2700000.0,,373.0,298400.0,7500000.0,bookrecs,1672.0,43600.0
7314444517221109038_pitch_values,97,190.4446031746032,7.640016969480772,7314444517221109038,,meagan.carioti,18500.0,252.0,53700.0,318.0,543100.0,,1012.0,70900.0,4800000.0,bookrecs,2223.0,15100.0
7344574819112979754_pitch_values,77,188.95562358276644,6.112546311669239,7344574819112979754,,,,,,,,,,,,bookrecs,,
7381225261666192683_pitch_values,20,33.70990929705216,8.899460314662852,7381225261666192683,,caitlinbea,1164.0,62.0,2393.0,80.0,69500.0,,129.0,248500.0,6700000.0,bookrecs,682.0,8673.0
7333764882665344302_pitch_values,39,68.74011337868481,8.510314738314047,7333764882665344302,,sydneyyybooks,31500.0,421.0,42700.0,2290.0,440000.0,,375.0,399800.0,6700000.0,bookrecs,643.0,45000.0
7394558056274709803_pitch_values,31,53.876439909297055,8.630859811502846,7394558056274709803,,jacob_elijah_,72.0,359.0,486.0,7.0,4870.0,,430.0,8409.0,113100.0,bookrecs,163.0,199200.0
7278439753203207467_pitch_values,2,76.02827664399094,0.3945900305024357,7278439753203207467,,victoria.thatsit,50800.0,2574.0,132800.0,5990.0,1800000.0,,367.0,66100.0,2600000.0,bookrecs,433.0,23100.0
7394604979799002399_pitch_values,220,437.8503174603175,7.536822216188253,7394604979799002399,,tinas_library,57.0,18.0,244.0,0.0,1943.0,,265.0,16000.0,869200.0,bookrecs,551.0,2863.0
7363749993758330154_pitch_values,60,44.1327664399093,20.39301119329173,7363749993758330154,,edensarchives,2434.0,77.0,7699.0,179.0,124100.0,,147.0,81200.0,9000000.0,bookrecs,548.0,1833.0
7370458729134722350_pitch_values,55,111.3197052154195,7.411086818847637,7370458729134722350,,jolie_reads,16700.0,332.0,52800.0,652.0,586900.0,,832.0,260500.0,7100000.0,bookrecs,1211.0,15100.0
7267135268262530305_pitch_values,125,106.66990929705216,17.577590647223097,7267135268262530305,,ambers.vl0gz,87500.0,6624.0,867700.0,11800.0,7600000.0,,483.0,715500.0,32600000.0,grwm,450.0,29100.0
7202674344118537478_pitch_values,40,176.2339909297052,3.404564561210687,7202674344118537478,,katiefanggg,43200.0,3092.0,732100.0,3313.0,4700000.0,,139.0,5200000.0,316400000.0,grwm,864.0,1043.0
7374159222956756230_pitch_values,26,43.662562358276645,8.932137257539395,7374159222956756230,,kenz5954,90800.0,4962.0,2500000.0,36100.0,13800000.0,,887.0,779900.0,51100000.0,grwm,684.0,170800.0
7198124383557143851_pitch_values,67,86.26827664399093,11.64970530415718,7198124383557143851,,sarah..grwms,53500.0,14100.0,1400000.0,58600.0,9700000.0,,85.0,616500.0,21400000.0,grwm,132.0,197.0
7317017754874285317_pitch_values,95,158.60133786848073,8.984791800316799,7317017754874285317,,katiefanggg,26600.0,2105.0,569300.0,535.0,4400000.0,,139.0,5200000.0,316400000.0,grwm,864.0,1043.0
7364346057511243051_pitch_values,16,209.30501133786848,1.1466519528888988,7364346057511243051,,itz_justlola,13500.0,767.0,342300.0,524.0,2700000.0,,429.0,1300000.0,77600000.0,grwm,646.0,23800.0
7327442011789856042_pitch_values,90,158.60133786848073,8.511908021352758,7327442011789856042,,julietteweg,27200.0,3602.0,332500.0,571.0,2900000.0,,149.0,3100000.0,174300000.0,grwm,1270.0,8058.0
7278334911088610606_pitch_values,89,198.2552154195012,6.733744669340409,7278334911088610606,,lottie..weaver,19900.0,2774.0,293600.0,2489.0,4900000.0,,185.0,1300000.0,87600000.0,grwm,2200.0,2543.0
7272531412211780907_pitch_values,42,60.04133786848072,10.492770853640897,7272531412211780907,,luvv4iys,22800.0,631.0,187000.0,1803.0,1500000.0,,980.0,1700000.0,66700000.0,grwm,383.0,65100.0
7243632895179459886_pitch_values,42,107.87154195011338,5.84027991637824,7243632895179459886,,miacpuckett,44400.0,2622.0,783500.0,3587.0,5900000.0,,42.0,597100.0,20400000.0,grwm,275.0,596.0
7392415798645558559_pitch_values,44,110.43154195011338,5.9765533320013775,7392415798645558559,,kiyonlovesgrwm,8516.0,567.0,67000.0,1353.0,365100.0,,1643.0,136400.0,1700000.0,grwm,125.0,9703.0
7358223180751850795_pitch_values,62,66.23235827664399,14.04147495572346,7358223180751850795,,.isaescu,4141.0,444.0,136400.0,350.0,1500000.0,,305.0,1900000.0,226800000.0,grwm,1118.0,13800.0
7355556865742490926_pitch_values,54,62.23562358276644,13.015053973433565,7355556865742490926,,.isaescu,4089.0,154.0,126500.0,332.0,1300000.0,,305.0,1900000.0,226800000.0,grwm,1118.0,13800.0
7374575565552078123_pitch_values,71,75.7931746031746,14.051397181552971,7374575565552078123,,demetradias,8269.0,714.0,254600.0,724.0,2100000.0,,152.0,2700000.0,197700000.0,grwm,558.0,26100.0
7372327511872605482_pitch_values,262,255.2282766439909,15.397980394945897,7372327511872605482,,giannamjoyce,17300.0,599.0,140700.0,3323.0,907500.0,,634.0,10200000.0,626900000.0,grwm,3538.0,20100.0
7369233108656278816_pitch_values,37,108.62909297052154,5.1091285476406325,7369233108656278816,,madsssgrwms,54100.0,10800.0,627900.0,32200.0,11000000.0,,2277.0,663200.0,30600000.0,grwm,509.0,44800.0
7393830749180267819_pitch_values,105,103.48297052154194,15.219895525439464,7393830749180267819,,krissleos,12000.0,4734.0,149200.0,681.0,1200000.0,,444.0,2800000.0,97100000.0,grwm,1304.0,87200.0
7276946131785927982_pitch_values,18,113.46174603174605,2.379656663528299,7276946131785927982,,sienna.sacco_,30400.0,1127.0,390700.0,19500.0,5800000.0,,163.0,538800.0,20900000.0,grwm,766.0,52600.0
7344401364765789482_pitch_values,20,136.52786848072563,2.1973535757818747,7344401364765789482,,martaylor6,12600.0,2516.0,238300.0,5513.0,1800000.0,,532.0,278000.0,12200000.0,grwm,982.0,16800.0
7331092594400824618_pitch_values,79,85.27562358276644,13.896116500981876,7331092594400824618,,krissleos,50600.0,2977.0,502600.0,896.0,6200000.0,,444.0,2800000.0,97100000.0,grwm,1304.0,87200.0
7328872893650111787_pitch_values,17,36.37439909297052,7.010425089036856,7328872893650111787,,yazmin.adalynn,5939.0,3532.0,72500.0,497.0,971500.0,,884.0,181100.0,19500000.0,grwm,3042.0,44600.0
7394132076716428587_pitch_values,69,174.90174603174603,5.917608162768937,7394132076716428587,,hoperyangrwm,233.0,77.0,4276.0,8.0,19700.0,,63.0,282400.0,6600000.0,grwm,257.0,386.0
7358061033434434862_pitch_values,103,336.2862358276644,4.594300436345428,7358061033434434862,,adoree.natalyaa,18500.0,0.0,177100.0,1602.0,1200000.0,,782.0,73600.0,1400000.0,grwm,67.0,30900.0
7281739191606611243_pitch_values,10,47.16297052154195,3.1804612462119333,7281739191606611243,,stormie.goldsmith,459700.0,22500.0,5400000.0,347400.0,36500000.0,,194.0,641000.0,35500000.0,grwm,251.0,62900.0
7284621721204690219_pitch_values,12,197.1058276643991,0.9132150080639716,7284621721204690219,,martaylor6,7152.0,3543.0,77700.0,1094.0,426000.0,,532.0,278000.0,12200000.0,grwm,982.0,16800.0
7364273026428341522_pitch_values,16,52.727052154195015,4.551743179158658,7364273026428341522,,bellacini77,83700.0,43200.0,1300000.0,420600.0,20500000.0,,84.0,85900.0,3900000.0,grwm,90.0,719.0
7309926297965186350_pitch_values,114,163.98256235827665,10.427938040533316,7309926297965186350,,sophiee_grwmm,12300.0,435.0,126000.0,320.0,1600000.0,,721.0,186700.0,4700000.0,grwm,255.0,1219.0
7393401232066497822_pitch_values,63,130.07562358276644,7.265004571734392,7393401232066497822,,bellavvgrwm,998.0,185.0,17500.0,73.0,119300.0,,122.0,370300.0,8200000.0,grwm,73.0,3118.0
7275419807585963306_pitch_values,0,35.982562358276645,0.0,7275419807585963306,,bimbofromthejerzshore,16000.0,4273.0,318400.0,31100.0,4600000.0,,145.0,166900.0,11500000.0,grwm,1321.0,31700.0
7366005668521856298_pitch_values,57,141.93521541950113,6.023875029695608,7366005668521856298,,_sozzled_,12400.0,670.0,241800.0,823.0,1900000.0,,640.0,1100000.0,53500000.0,grwm,585.0,16000.0
7342573657002233130_pitch_values,87,97.76215419501132,13.34872385685004,7342573657002233130,,krissleos,27500.0,2713.0,231100.0,661.0,2800000.0,,444.0,2800000.0,97100000.0,grwm,1304.0,87200.0
7363699065600675118_pitch_values,63,118.84297052154194,7.951669298174481,7363699065600675118,,sonya_styles,56700.0,2973.0,1300000.0,5219.0,14600000.0,,306.0,1100000.0,74400000.0,grwm,656.0,12000.0
7390447170517749034_pitch_values,87,90.552358276644,14.411551778840822,7390447170517749034,,joyaisabela,7324.0,967.0,157700.0,4610.0,2100000.0,,236.0,125300.0,2000000.0,grwm,45.0,5836.0
7351132856158014763_pitch_values,33,33.47480725623583,14.787239735571273,7351132856158014763,,evelyngrwmofficialk,72600.0,4864.0,921900.0,20000.0,6900000.0,,0.0,409200.0,7100000.0,grwm,114.0,0.0
7392707594252504350_pitch_values,50,65.65766439909297,11.422885764580457,7392707594252504350,,sydneyrenayeverhart,18300.0,378.0,481900.0,1303.0,3800000.0,,314.0,1000000.0,55200000.0,grwm,2244.0,27000.0
7295032586341059883_pitch_values,68,513.6315419501134,1.9858593499288404,7295032586341059883,,itz_justlola,40700.0,3747.0,550000.0,4646.0,5600000.0,,429.0,1300000.0,77600000.0,grwm,646.0,23800.0
7388591121678552351_pitch_values,81,60.92950113378685,19.94107907320865,7388591121678552351,,lisi.shops,8220.0,1097.0,183600.0,521.0,1400000.0,,2864.0,2100000.0,115300000.0,grwm,1177.0,31700.0
7310337893245914411_pitch_values,55,190.2095011337869,4.337322768223461,7310337893245914411,,neevaeha,8220.0,770.0,53600.0,162.0,762700.0,,117.0,932800.0,13300000.0,grwm,232.0,5863.0
7249776837990141189_pitch_values,68,180.98827664399093,5.63572414143911,7249776837990141189,,katiefanggg,201700.0,4955.0,2100000.0,17000.0,12600000.0,,139.0,5200000.0,316400000.0,grwm,864.0,1043.0
7324778813685075246_pitch_values,80,91.44052154195012,13.123284729401687,7324778813685075246,,krissleos,21400.0,3602.0,213100.0,356.0,2800000.0,,444.0,2800000.0,97100000.0,grwm,1304.0,87200.0
7341885945957879070_pitch_values,164,244.98827664399093,10.041296806927594,7341885945957879070,,haylieamariee,8543.0,244.0,134000.0,257.0,933100.0,,115.0,33400.0,3000000.0,grwm,297.0,57500.0
7350308987822394670_pitch_values,25,129.00460317460318,2.906873016712828,7350308987822394670,,the.noelanik,152900.0,16100.0,3000000.0,98100.0,22700000.0,,114.0,2400000.0,114400000.0,grwm,329.0,13400.0
7328507053620825390_pitch_values,123,88.98501133786849,20.73382890287773,7328507053620825390,,krissleos,29400.0,1182.0,324500.0,397.0,4500000.0,,444.0,2800000.0,97100000.0,grwm,1304.0,87200.0
7325980019203886382_pitch_values,165,586.5654195011338,4.219478199217669,7325980019203886382,,grwms.by.vitoria,40200.0,5295.0,909500.0,9066.0,12400000.0,,185.0,1400000.0,31000000.0,grwm,241.0,8713.0
7394129236946160927_pitch_values,67,70.6731746031746,14.220388508695292,7394129236946160927,,madison_meade,715.0,78.0,4151.0,33.0,23400.0,,298.0,111200.0,4600000.0,grwm,265.0,4179.0
7392684479933910315_pitch_values,73,128.45603174603175,8.524317504723374,7392684479933910315,,adaure.grwm,2046.0,300.0,14100.0,354.0,149800.0,,904.0,7071.0,642800.0,grwm,197.0,19500.0
7340102070550269227_pitch_values,30,64.27317460317461,7.001365698494273,7340102070550269227,,oyinda.maj,19200.0,715.0,258400.0,310.0,2400000.0,,58.0,61100.0,3000000.0,grwm,182.0,5824.0
7374876347534970155_pitch_values,96,121.40297052154196,11.861324264256648,7374876347534970155,,krissleos,30300.0,1964.0,301100.0,1590.0,3600000.0,,444.0,2800000.0,97100000.0,grwm,1304.0,87200.0
7333344488422772014_pitch_values,82,99.30337868480726,12.38628550498838,7333344488422772014,,lisi.shops,7891.0,576.0,138200.0,223.0,1800000.0,,2864.0,2100000.0,115300000.0,grwm,1177.0,31700.0
7306489909089570094_pitch_values,30,69.23643990929705,6.4994676299001055,7306489909089570094,,elm0zwrld,23900.0,1020.0,381100.0,356.0,2100000.0,,220.0,2400000.0,92000000.0,grwm,321.0,112300.0
7363565914077285674_pitch_values,110,203.1662358276644,8.121428215068232,7363565914077285674,,ch3lcityy,68100.0,24700.0,862300.0,11600.0,5400000.0,,149.0,31400.0,1400000.0,grwm,228.0,189500.0
7362966410378874158_pitch_values,46,145.95807256235827,4.727384980403934,7362966410378874158,,kelllytee,20200.0,1015.0,442900.0,8340.0,3200000.0,,306.0,28700.0,6600000.0,grwm,986.0,18000.0
7341887513730043166_pitch_values,60,161.5792970521542,5.5700205188385,7341887513730043166,,elm0zwrld,35600.0,1160.0,601700.0,411.0,3500000.0,,220.0,2400000.0,92000000.0,grwm,321.0,112300.0
7324130633385561386_pitch_values,94,129.5792970521542,10.881367873391772,7324130633385561386,,codygrwms,83900.0,6031.0,914800.0,10000.0,12000000.0,,886.0,269600.0,10900000.0,grwm,528.0,16000.0
7334474026913385774_pitch_values,42,101.47154195011338,6.208637297634916,7334474026913385774,,mona.ava7,22400.0,1599.0,335700.0,776.0,2800000.0,,307.0,199500.0,8600000.0,grwm,151.0,13700.0
7253239921274621227_pitch_values,96,173.62174603174603,8.293891939876598,7253239921274621227,,grwkatiefangg,27000.0,2186.0,227500.0,2187.0,7200000.0,,3.0,137200.0,459600.0,grwm,47.0,699.0
7328596696328391942_pitch_values,152,220.53766439909296,10.338370120189673,7328596696328391942,,autumnggrwm,17500.0,1382.0,244400.0,182.0,1900000.0,,338.0,188000.0,2800000.0,grwm,248.0,6578.0
7340450119558368542_pitch_values,23,248.46256235827664,1.3885391695450635,7340450119558368542,,giofilmedthis,43500.0,6160.0,725500.0,14500.0,11800000.0,,1272.0,2100000.0,172900000.0,grwm,742.0,8348.0
7371824184089136430_pitch_values,8,47.659297052154194,2.5178717988366976,7371824184089136430,,kayleighbursch,3230.0,158.0,79100.0,268.0,1100000.0,,113.0,366300.0,12900000.0,grwm,397.0,2820.0
7314254763686628650_pitch_values,26,293.18419501133786,1.3302217740111064,7314254763686628650,,itz_justlola,8290.0,1486.0,188400.0,194.0,1700000.0,,429.0,1300000.0,77600000.0,grwm,646.0,23800.0
7393756404273745194_pitch_values,46,84.7531746031746,8.14128796037045,7393756404273745194,,sonya_styles,12600.0,495.0,330400.0,1580.0,4400000.0,,306.0,1100000.0,74400000.0,grwm,656.0,12000.0
7219451520142560558_pitch_values,19,51.13358276643991,5.573636435799522,7219451520142560558,,heyimsuie,16400.0,1177.0,203000.0,1279.0,2000000.0,,641.0,4000000.0,125200000.0,grwm,551.0,10200.0
7394179400624803103_pitch_values,116,599.8095011337869,2.9009210369475205,7394179400624803103,,emymoore3,123.0,41.0,3799.0,15.0,22300.0,,876.0,1000000.0,64800000.0,grwm,1110.0,50400.0
7393429919268605214_pitch_values,139,158.49684807256236,13.154835729259764,7393429919268605214,,lisi.shops,4388.0,425.0,86700.0,330.0,489800.0,,2864.0,2100000.0,115300000.0,grwm,1177.0,31700.0
7319145951157898527_pitch_values,35,250.2650113378685,2.097776262025008,7319145951157898527,,itz_justlola,19600.0,2527.0,326200.0,474.0,5000000.0,,429.0,1300000.0,77600000.0,grwm,646.0,23800.0
7340015086712458527_pitch_values,56,112.86092970521544,7.442788236761997,7340015086712458527,,miacpuckett,4988.0,200.0,139700.0,208.0,864600.0,,42.0,597100.0,20400000.0,grwm,275.0,596.0
7324460434076044586_pitch_values,117,103.43072562358276,16.96787863972841,7324460434076044586,,kaitlynj101,3375.0,445.0,111900.0,134.0,1100000.0,,30.0,1600000.0,57100000.0,grwm,1239.0,97400.0
7326657800522714414_pitch_values,27,62.28786848072562,6.502068699386034,7326657800522714414,,_.lizethhhh,5199.0,285.0,85100.0,144.0,966200.0,,302.0,351300.0,18300000.0,grwm,446.0,137400.0
7269701229306088750_pitch_values,13,116.70092970521542,1.6709378450760135,7269701229306088750,,shanayahmariee,6270.0,719.0,100400.0,250.0,743900.0,,401.0,1100000.0,58000000.0,grwm,1023.0,53500.0
7376401449565179169_pitch_values,120,211.39480725623585,8.514873299693614,7376401449565179169,,kaylaimee,11000.0,806.0,93500.0,1598.0,937400.0,,45.0,90500.0,5100000.0,grwm,62.0,2024.0
7392033220679716127_pitch_values,73,318.6274603174603,3.4366152839087096,7392033220679716127,,user692047129,309.0,55.0,6236.0,14.0,73000.0,,0.0,21600.0,613700.0,grwm,65.0,48.0
7278101254285380907_pitch_values,61,58.60460317460318,15.61310802282718,7278101254285380907,,justtkass,15400.0,1100.0,286700.0,738.0,4100000.0,,115.0,4200000.0,169800000.0,grwm,1000.0,3875.0
7373664295521078574_pitch_values,37,70.72541950113379,7.847249318770077,7373664295521078574,,elm0zwrld,15500.0,1447.0,239100.0,1385.0,1500000.0,,220.0,2400000.0,92000000.0,grwm,321.0,112300.0
7356316882443521326_pitch_values,68,54.60786848072562,18.678626878835583,7356316882443521326,,hannnah.leigh,2542.0,270.0,81700.0,790.0,614400.0,,242.0,2500000.0,101200000.0,grwm,1835.0,48700.0
7290575101106343210_pitch_values,49,91.8062358276644,8.005992113430263,7290575101106343210,,demetradias,13700.0,402.0,193800.0,691.0,1300000.0,,152.0,2700000.0,197700000.0,grwm,558.0,26100.0
7311837094299634987_pitch_values,66,113.30501133786848,8.737477612952897,7311837094299634987,,sarailorenn,6416.0,382.0,70400.0,245.0,1400000.0,,111.0,128100.0,4400000.0,grwm,427.0,17100.0
7292143580284456223_pitch_values,177,172.81195011337869,15.363520857545469,7292143580284456223,,.isaescu,150800.0,6451.0,2100000.0,6748.0,19200000.0,,305.0,1900000.0,226800000.0,grwm,1118.0,13800.0
7381500025681235246_pitch_values,37,53.954807256235824,10.286386482010014,7381500025681235246,,codygrwms,46000.0,21300.0,571500.0,42900.0,7500000.0,,886.0,269600.0,10900000.0,grwm,528.0,16000.0
7341417470663724330_pitch_values,57,179.65603174603174,4.759094318684824,7341417470663724330,,burgerstina,15300.0,653.0,252500.0,745.0,1400000.0,,103.0,326000.0,20400000.0,grwm,480.0,18600.0
7389311347323915566_pitch_values,184,287.4111337868481,9.602968276263406,7389311347323915566,,giannamjoyce,8858.0,1182.0,99000.0,562.0,660700.0,,634.0,10200000.0,626900000.0,grwm,3538.0,20100.0
7371388808509689134_pitch_values,17,195.5384807256236,1.304091138755506,7371388808509689134,,itz_justlola,6946.0,515.0,203400.0,263.0,1500000.0,,429.0,1300000.0,77600000.0,grwm,646.0,23800.0
7390798775846980910_pitch_values,59,146.79399092970522,6.028857137781595,7390798775846980910,,hoperyangrwm,9479.0,725.0,153700.0,549.0,860100.0,,63.0,282400.0,6600000.0,grwm,257.0,386.0
7358179822432111918_pitch_values,170,156.407052154195,16.303612688039564,7358179822432111918,,lisi.shops,12000.0,950.0,231700.0,581.0,1800000.0,,2864.0,2100000.0,115300000.0,grwm,1177.0,31700.0
7278063994366381358_pitch_values,33,47.92052154195012,10.329603770415392,7278063994366381358,,aidxnft,658.0,50.0,6065.0,48.0,190500.0,,61.0,896200.0,15300000.0,storytime,833.0,1555.0
7207635437840600366_pitch_values,56,169.8862358276644,4.944485325180263,7207635437840600366,,lust4butta,653.0,92.0,4614.0,125.0,192200.0,,340.0,7532.0,54800.0,storytime,47.0,850.0
7357865762192821550_pitch_values,52,75.97603174603175,10.266395626022408,7357865762192821550,,lexi_stizzy,16400.0,5636.0,677600.0,37000.0,4300000.0,,401.0,2919.0,1100000.0,storytime,153.0,60100.0
7343014651367525675_pitch_values,178,237.0731746031746,11.26234549509528,7343014651367525675,,officialxmookie,1574.0,299.0,17900.0,129.0,227000.0,,1555.0,5300000.0,254300000.0,storytime,2786.0,17100.0
7187992844739579182_pitch_values,86,137.2331746031746,9.400059451588016,7187992844739579182,,kyladiane,63600.0,10200.0,951500.0,72300.0,4300000.0,,20.0,224100.0,22100000.0,storytime,877.0,90500.0
7275109806053018923_pitch_values,63,108.28950113378684,8.726607751498408,7275109806053018923,,littledrownedrat,14100.0,4237.0,356600.0,69400.0,3300000.0,,718.0,664400.0,15800000.0,storytime,333.0,36600.0
7390188974024723743_pitch_values,29,80.9131746031746,5.376133146837783,7390188974024723743,,co.letter,5391.0,535.0,245500.0,3257.0,1200000.0,,179.0,6928.0,3300000.0,storytime,173.0,3108.0
7341843567477902634_pitch_values,96,272.9915419501134,5.2748887006292176,7341843567477902634,,carissaadanielle,28800.0,3514.0,759900.0,1841.0,6300000.0,,303.0,552600.0,16400000.0,storytime,278.0,31600.0
7357816559865220395_pitch_values,102,221.29521541950115,6.913841300633797,7357816559865220395,,notkaelynwilkins,79700.0,4257.0,1200000.0,27800.0,7500000.0,,140.0,1200000.0,43000000.0,storytime,282.0,32900.0
7208651318477458734_pitch_values,128,178.08868480725624,10.781145371913992,7208651318477458734,,mrs.isabelabarbosa,192100.0,29100.0,2000000.0,355200.0,12100000.0,,424.0,1100000.0,37600000.0,storytime,709.0,15900.0
7323708527359495470_pitch_values,96,122.65684807256235,11.74007014388722,7323708527359495470,,haleyybaylee,67300.0,4805.0,878600.0,2939.0,6200000.0,,446.0,10000000.0,1100000000.0,storytime,2976.0,33500.0
7221252973941280005_pitch_values,104,165.1058276643991,9.448485387026558,7221252973941280005,,monicagartner,26000.0,952.0,460800.0,4151.0,4600000.0,,85.0,931000.0,57700000.0,storytime,898.0,36200.0
7394887593613085982_pitch_values,52,104.5801133786848,7.458396962868249,7394887593613085982,,jellybean.sweets,427.0,417.0,15600.0,262.0,447900.0,,528.0,692100.0,31900000.0,storytime,786.0,9155.0
7349784236745952543_pitch_values,19,33.39643990929705,8.533843750233402,7349784236745952543,,twizzy.lizzy,26700.0,3229.0,578000.0,3902.0,3600000.0,,121.0,73200.0,4800000.0,storytime,212.0,11800.0
7372634229747928366_pitch_values,110,106.43480725623584,15.50244739042668,7372634229747928366,,user7297010814922,28300.0,2393.0,356500.0,1602.0,6700000.0,,6.0,21600.0,426200.0,storytime,85.0,20.0
7366729382314003754_pitch_values,217,443.4666439909297,7.339898150415514,7366729382314003754,,lily.grwm427,7749.0,546.0,101800.0,889.0,886400.0,,8.0,8376.0,116600.0,storytime,16.0,79.0
7251348034192428334_pitch_values,116,173.22990929705216,10.044454834968905,7251348034192428334,,imthejamishaymachine,25200.0,5864.0,382700.0,16500.0,2100000.0,,1720.0,560800.0,43900000.0,storytime,1538.0,24800.0
6891661268936117510_pitch_values,82,56.12297052154195,21.916159971038653,6891661268936117510,,ayannasabrina,15800.0,1282.0,478000.0,1091.0,3000000.0,,687.0,2600000.0,61500000.0,storytime,911.0,27300.0
7357807986170957099_pitch_values,72,66.59807256235828,16.216685535287155,7357807986170957099,,elexiswiley,515.0,173.0,2932.0,1304.0,92400.0,,2462.0,12100.0,170200.0,storytime,123.0,6307.0
7176753252539649322_pitch_values,62,59.96297052154195,15.509571855948892,7176753252539649322,,estertaniaj,37200.0,2994.0,781800.0,34400.0,8500000.0,,667.0,2400000.0,132400000.0,storytime,2122.0,26300.0
7233885561994399022_pitch_values,139,179.31643990929706,11.627489376069745,7233885561994399022,,evaamarieee_,8242.0,291.0,193700.0,641.0,1000000.0,,544.0,645200.0,30700000.0,storytime,941.0,46100.0
7343771945290288426_pitch_values,181,255.41113378684807,10.629920316104108,7343771945290288426,,officialxmookie,24200.0,3014.0,254400.0,1273.0,1800000.0,,1555.0,5300000.0,254300000.0,storytime,2786.0,17100.0
7205260064741952810_pitch_values,175,157.0601133786848,16.7133458873222,7205260064741952810,,sheislivi,115300.0,6186.0,2100000.0,8818.0,15200000.0,,144.0,1400000.0,77400000.0,storytime,1902.0,11500.0
7319710677294189866_pitch_values,6,13.647868480725624,6.594436349317379,7319710677294189866,,.dvoqq,28300.0,3365.0,311400.0,6495.0,1800000.0,,132.0,63100.0,6500000.0,storytime,278.0,28900.0
7377513781791853867_pitch_values,42,47.60705215419501,13.233333539734534,7377513781791853867,,kyraevanshughes,7559.0,870.0,157100.0,8964.0,711100.0,,579.0,78600.0,7800000.0,storytime,1365.0,132700.0
7394850344083197214_pitch_values,78,61.451950113378686,19.0392656024968,7394850344083197214,,thesephew,271.0,158.0,4460.0,1374.0,25800.0,,116.0,449600.0,31000000.0,storytime,1501.0,2216.0
7289146014349462816_pitch_values,152,194.9115419501134,11.697614092979444,7289146014349462816,,tattylomas,57900.0,4857.0,1000000.0,4577.0,16400000.0,,677.0,1400000.0,38300000.0,storytime,1013.0,153200.0
7341918758727961899_pitch_values,79,447.541746031746,2.6477976870473734,7341918758727961899,,daveybad,28900.0,4415.0,285600.0,3337.0,2000000.0,,362.0,455000.0,24800000.0,storytime,476.0,15000.0
7375596799760846123_pitch_values,23,99.06827664399091,3.4824467699158896,7375596799760846123,,nickii,5771.0,618.0,33500.0,857.0,592600.0,,2.0,7300000.0,239600000.0,storytime,2355.0,14900.0
7311096874604465454_pitch_values,69,137.4160317460317,7.531872277558245,7311096874604465454,,ann_natalie,33600.0,6006.0,287100.0,51300.0,4200000.0,,847.0,129900.0,3300000.0,storytime,251.0,88100.0
7344175324252474670_pitch_values,494,447.3066439909297,16.565816983818948,7344175324252474670,,sabyhesri,10100.0,938.0,134400.0,1429.0,1600000.0,,142.0,2700000.0,48100000.0,storytime,663.0,15200.0
6852080219252215045_pitch_values,85,58.5262358276644,21.78510170642699,6852080219252215045,,emelywithane_,60500.0,5705.0,1100000.0,8577.0,5200000.0,,203.0,6000000.0,206300000.0,storytime,1103.0,40300.0
7336664815701626154_pitch_values,44,62.60133786848073,10.542905670587988,7336664815701626154,,imnotgdub,29500.0,6172.0,331900.0,1197.0,2600000.0,,156.0,375100.0,31500000.0,storytime,2195.0,76200.0
7373728223101766955_pitch_values,122,203.45358276643992,8.994680629934143,7373728223101766955,,taraynalexess,16900.0,8068.0,359600.0,116200.0,5200000.0,,3064.0,26200.0,1100000.0,storytime,1451.0,207300.0
7350339800630693162_pitch_values,112,161.00460317460318,10.434484274826016,7350339800630693162,,tyetun,30200.0,1311.0,149300.0,2521.0,1500000.0,,122.0,4400000.0,90100000.0,storytime,146.0,5113.0
7394879095525379358_pitch_values,482,461.882970521542,15.65331579953281,7394879095525379358,,kelsgordon,76.0,34.0,998.0,5.0,11700.0,,356.0,143300.0,3800000.0,storytime,188.0,4501.0
7267745540069199147_pitch_values,232,182.42501133786848,19.0763315538718,7267745540069199147,,abbymonea,23000.0,3736.0,452000.0,39900.0,2500000.0,,302.0,214500.0,20700000.0,storytime,613.0,107300.0
7343041465393696001_pitch_values,117,235.767052154195,7.44378819671633,7343041465393696001,,kaivaugha,10700.0,839.0,351500.0,784.0,3300000.0,,104.0,66600.0,8600000.0,storytime,616.0,412.0
7394896925377482014_pitch_values,44,70.88215419501134,9.311229427144731,7394896925377482014,,princeschloee,17.0,6.0,448.0,2.0,3300.0,,999.0,271400.0,16800000.0,storytime,2004.0,174100.0
7338664339655740702_pitch_values,32,69.3931746031746,6.917106801135468,7338664339655740702,,.eslis,56400.0,1485.0,576000.0,1261.0,3400000.0,,73.0,2700000.0,140100000.0,storytime,288.0,13800.0
7148471887763574022_pitch_values,113,132.81848072562357,12.761778261125658,7148471887763574022,,sam_d0ll,20200.0,2120.0,528800.0,5703.0,4100000.0,,1097.0,864200.0,48500000.0,storytime,785.0,28800.0
7372326235298385195_pitch_values,112,187.2054195011337,8.974099171257302,7372326235298385195,,www.notkaymaire,58400.0,3090.0,302500.0,3619.0,3900000.0,,27.0,424500.0,4600000.0,storytime,44.0,7696.0
7341939067518455086_pitch_values,59,74.72215419501134,11.843876953685111,7341939067518455086,,stphlimreads,222500.0,16900.0,2200000.0,103800.0,12100000.0,,449.0,53600.0,3700000.0,storytime,400.0,12400.0
7283910300804369694_pitch_values,128,103.09113378684808,18.624298031000464,7283910300804369694,,averycyrus,47500.0,4284.0,917400.0,12900.0,11500000.0,,457.0,9300000.0,395500000.0,storytime,976.0,19800.0
7324054523721518382_pitch_values,83,154.47399092970522,8.05960920998376,7324054523721518382,,izaiah425,3208.0,437.0,52700.0,884.0,381300.0,,666.0,5201.0,118100.0,storytime,158.0,37100.0
7322614459007044907_pitch_values,374,440.1490929705216,12.745681155761742,7322614459007044907,,sliceofzai,13600.0,1653.0,202400.0,1248.0,1800000.0,,444.0,25200.0,2000000.0,storytime,453.0,65900.0
7339808233932016938_pitch_values,164,581.628276643991,4.229505508559966,7339808233932016938,,5u1mi,48700.0,1315.0,378700.0,1306.0,2100000.0,,221.0,41800.0,1900000.0,storytime,32.0,156900.0
7394901674269166894_pitch_values,33,59.20541950113379,8.36072109902913,7394901674269166894,,mrcharlieclassic,15.0,23.0,739.0,27.0,4372.0,,441.0,311600.0,8600000.0,storytime,434.0,14600.0
7368935343837596974_pitch_values,125,199.50909297052155,9.39806788794855,7368935343837596974,,www.notkaymaire,46900.0,1177.0,281500.0,2386.0,2800000.0,,27.0,424500.0,4600000.0,storytime,44.0,7696.0
6843491501712952582_pitch_values,23,57.063378684807255,6.045909091812223,6843491501712952582,,rainabaig,15800.0,2468.0,376400.0,2336.0,4800000.0,,6197.0,87100.0,8200000.0,storytime,215.0,127400.0
7370796478119333162_pitch_values,153,210.08868480725624,10.923958147034549,7370796478119333162,,kianna_nycole,33400.0,14600.0,571400.0,91200.0,3700000.0,,71.0,12000.0,1100000.0,storytime,217.0,1986.0
7343004766156492075_pitch_values,117,176.887052154195,9.921585433342749,7343004766156492075,,officialxmookie,7006.0,1425.0,107100.0,1173.0,1200000.0,,1555.0,5300000.0,254300000.0,storytime,2786.0,17100.0
7358292324868246815_pitch_values,146,125.00786848072562,17.518897223158923,7358292324868246815,,heyslim498,62400.0,3811.0,629100.0,10300.0,5200000.0,,3773.0,142200.0,7700000.0,storytime,2027.0,34200.0
7377857805409094954_pitch_values,103,93.89603174603177,16.454369490064153,7377857805409094954,,loreniannucci,78500.0,6038.0,1600000.0,46100.0,8500000.0,,135.0,142000.0,17600000.0,storytime,459.0,56600.0
7206004919604710698_pitch_values,83,149.7719501133787,8.312637974317115,7206004919604710698,,taylorlaios,21800.0,911.0,517300.0,2042.0,3400000.0,,167.0,75900.0,8300000.0,storytime,493.0,7513.0
7343422201548360990_pitch_values,54,95.48950113378685,8.482607934720892,7343422201548360990,,_sozzled_,31300.0,1279.0,367600.0,1377.0,2600000.0,,640.0,1100000.0,54300000.0,storytime,587.0,16100.0
7290994816555535648_pitch_values,64,192.5343990929705,4.986121984032773,7290994816555535648,,itsgoneviral,110400.0,5246.0,1200000.0,22300.0,15900000.0,,205.0,5400000.0,335500000.0,storytime,982.0,13900.0
7270212353575374126_pitch_values,93,94.54909297052154,14.754239899846867,7270212353575374126,,thebaileylavender,38300.0,559.0,837100.0,1296.0,8700000.0,,1851.0,2700000.0,183200000.0,storytime,1437.0,7048.0
7269864676710763819_pitch_values,91,114.42827664399093,11.928869681807631,7269864676710763819,,thebaileylavender,58100.0,1427.0,1200000.0,2016.0,11300000.0,,1851.0,2700000.0,183200000.0,storytime,1437.0,7048.0
7003446750191127814_pitch_values,120,56.09684807256236,32.08736429668321,7003446750191127814,,lex0calypse,36900.0,5311.0,1400000.0,2723.0,17900000.0,,344.0,258000.0,3700000.0,storytime,344.0,18300.0
7211504104420543746_pitch_values,190,165.28868480725623,17.242559606081905,7211504104420543746,,belicia.arnold,5461.0,661.0,62600.0,231.0,621300.0,,144.0,132500.0,17400000.0,storytime,466.0,15700.0
7292858237857189162_pitch_values,84,180.1784807256236,6.993065958407832,7292858237857189162,,kenziefantaa,28300.0,10700.0,814200.0,3062.0,7400000.0,,657.0,54000.0,1500000.0,storytime,56.0,10000.0
7336318763299523882_pitch_values,100,95.75072562358277,15.665677625220626,7336318763299523882,,brynnemarieeee,47300.0,5728.0,1600000.0,3357.0,12100000.0,,441.0,4600000.0,269400000.0,storytime,2050.0,16200.0
