time,pitch,rise_point,peak_point
0.020260770975056738,,0,0
0.030260770975056736,,0,0
0.04026077097505674,,0,0
0.05026077097505674,,0,0
0.060260770975056735,,0,0
0.07026077097505674,,0,0
0.08026077097505674,,0,0
0.09026077097505675,,0,0
0.10026077097505674,,0,0
0.11026077097505674,,0,0
0.12026077097505675,,0,0
0.13026077097505673,,0,0
0.14026077097505674,,0,0
0.15026077097505675,,0,0
0.16026077097505675,,0,0
0.17026077097505674,,0,0
0.18026077097505674,,0,0
0.19026077097505675,,0,0
0.20026077097505673,,0,0
0.21026077097505674,,0,0
0.22026077097505675,,0,0
0.23026077097505673,,0,0
0.24026077097505674,,0,0
0.2502607709750567,,0,0
0.26026077097505673,,0,0
0.27026077097505674,,0,0
0.28026077097505675,,0,0
0.29026077097505676,,0,0
0.30026077097505677,,0,0
0.3102607709750567,183.98092232184197,0,0
0.32026077097505673,184.16937275761256,0,0
0.33026077097505674,180.02371287137592,0,0
0.34026077097505675,178.30581301790977,0,0
0.35026077097505676,177.90141456578144,0,0
0.36026077097505677,177.55361827017495,0,0
0.3702607709750568,177.4945795325734,0,0
0.3802607709750567,177.8541074191923,0,0
0.39026077097505674,178.20543755089145,0,0
0.40026077097505675,177.69019075315424,0,0
0.41026077097505675,177.50953319862458,0,0
0.42026077097505676,178.48265376041454,0,0
0.43026077097505677,179.40250221088664,0,0
0.4402607709750567,179.18726339583233,0,0
0.45026077097505673,180.54362896627612,0,0
0.46026077097505674,182.58267775302457,0,0
0.47026077097505675,183.60107372315358,0,0
0.48026077097505676,183.73743528684415,0,0
0.49026077097505677,184.54993869613187,0,0
0.5002607709750567,186.87969423168778,0,0
0.5102607709750567,190.68868030893756,0,0
0.5202607709750567,192.7283507661638,0,0
0.5302607709750567,192.0029104795076,0,0
0.5402607709750568,190.88603748489373,0,0
0.5502607709750568,189.87705857724313,0,0
0.5602607709750568,189.9090882454632,0,0
0.5702607709750568,191.34109220926132,0,0
0.5802607709750568,191.08677136995937,1,0
0.5902607709750568,198.87312280658742,0,0
0.6002607709750567,218.69472006418286,0,0
0.6102607709750567,224.6923597257118,0,1
0.6202607709750567,227.7467930414887,0,0
0.6302607709750567,230.71261721087333,0,0
0.6402607709750567,232.88220236510557,1,0
0.6502607709750567,235.81797050644997,0,0
0.6602607709750568,242.26164771324875,0,0
0.6702607709750568,249.11580440525145,0,1
0.6802607709750568,254.35789772496497,0,0
0.6902607709750568,256.078979165972,0,0
0.7002607709750568,257.6891209461804,0,0
0.7102607709750568,257.5655206328389,0,0
0.7202607709750568,256.6725825347898,0,0
0.7302607709750567,259.3039994488461,0,0
0.7402607709750567,260.92145428959304,0,0
0.7502607709750567,263.2527488892555,0,0
0.7602607709750567,266.5660348082281,0,0
0.7702607709750567,268.8020650297073,0,0
0.7802607709750567,263.3499426707597,0,0
0.7902607709750568,245.76697061804387,0,0
0.8002607709750568,226.25289329577262,0,0
0.8102607709750568,,0,0
0.8202607709750568,,0,0
0.8302607709750568,,0,0
0.8402607709750568,,0,0
0.8502607709750568,,0,0
0.8602607709750567,,0,0
0.8702607709750567,,0,0
0.8802607709750567,,0,0
0.8902607709750567,,0,0
0.9002607709750567,,0,0
0.9102607709750568,,0,0
0.9202607709750568,,0,0
0.9302607709750568,161.79503330771288,0,0
0.9402607709750568,164.63482095798122,0,0
0.9502607709750568,166.85257788421933,0,0
0.9602607709750568,166.21752027608338,0,0
0.9702607709750568,164.99083766123442,0,0
0.9802607709750567,163.74156675478787,0,0
0.9902607709750567,162.20160266998266,0,0
1.0002607709750566,162.31959301304317,0,0
1.0102607709750566,163.28728311853038,0,0
1.0202607709750566,164.16652018844275,0,0
1.0302607709750566,163.2431747214716,0,0
1.0402607709750566,158.07783752971977,0,0
1.0502607709750567,150.19295666425242,0,0
1.0602607709750567,,0,0
1.0702607709750567,,0,0
1.0802607709750567,,0,0
1.0902607709750567,,0,0
1.1002607709750567,,0,0
1.1102607709750567,,0,0
1.1202607709750567,,0,0
1.1302607709750567,,0,0
1.1402607709750567,,0,0
1.1502607709750567,,0,0
1.1602607709750568,,0,0
1.1702607709750568,,0,0
1.1802607709750566,77.01226181117899,0,0
1.1902607709750566,75.67217993986408,0,0
1.2002607709750566,75.59537311887227,0,0
1.2102607709750566,79.72919195533483,0,0
1.2202607709750566,80.25987304175226,0,0
1.2302607709750566,79.57146911370003,0,0
1.2402607709750566,77.61291950383941,0,0
1.2502607709750566,77.60008844852086,0,0
1.2602607709750566,156.0181881316645,0,0
1.2702607709750566,155.45307820011027,0,0
1.2802607709750566,153.10089037343178,0,0
1.2902607709750566,149.36930431850766,0,0
1.3002607709750567,133.30478853017266,0,0
1.3102607709750567,,0,0
1.3202607709750567,,0,0
1.3302607709750567,,0,0
1.3402607709750567,,0,0
1.3502607709750567,,0,0
1.3602607709750567,124.84627966178792,0,0
1.3702607709750567,116.26286242362585,0,0
1.3802607709750567,116.21234056862562,0,0
1.3902607709750567,105.50692730039276,0,0
1.4002607709750567,87.31384040796543,0,0
1.4102607709750568,87.40061250158578,0,0
1.4202607709750568,,0,0
1.4302607709750566,,0,0
1.4402607709750566,,0,0
1.4502607709750566,,0,0
1.4602607709750566,,0,0
1.4702607709750566,,0,0
1.4802607709750566,,0,0
1.4902607709750566,,0,0
1.5002607709750566,,0,0
1.5102607709750566,,0,0
1.5202607709750566,,0,0
1.5302607709750566,,0,0
1.5402607709750566,,0,0
1.5502607709750567,,0,0
1.5602607709750567,,0,0
1.5702607709750567,,0,0
1.5802607709750567,,0,0
1.5902607709750567,,0,0
1.6002607709750567,,0,0
1.6102607709750567,,0,0
1.6202607709750567,,0,0
1.6302607709750567,,0,0
1.6402607709750567,,0,0
1.6502607709750567,,0,0
1.6602607709750568,,0,0
1.6702607709750568,,0,0
1.6802607709750568,,0,0
1.6902607709750566,,0,0
1.7002607709750566,,0,0
1.7102607709750566,,0,0
1.7202607709750566,,0,0
1.7302607709750566,,0,0
1.7402607709750566,,0,0
1.7502607709750566,,0,0
1.7602607709750566,,0,0
1.7702607709750566,,0,0
1.7802607709750566,,0,0
1.7902607709750566,207.65952369170734,0,0
1.8002607709750567,199.9066676801281,0,0
1.8102607709750567,200.2693392792403,0,0
1.8202607709750567,202.36762412683134,0,0
1.8302607709750567,204.32867991341757,0,0
1.8402607709750567,200.89202880295431,0,0
1.8502607709750567,186.50644013329452,0,0
1.8602607709750567,175.17609917913956,0,0
1.8702607709750567,174.59297279370725,0,0
1.8802607709750567,,0,0
1.8902607709750567,,0,0
1.9002607709750567,,0,0
1.9102607709750568,,0,0
1.9202607709750568,,0,0
1.9302607709750568,,0,0
1.9402607709750566,,0,0
1.9502607709750566,,0,0
1.9602607709750566,,0,0
1.9702607709750566,,0,0
1.9802607709750566,,0,0
1.9902607709750566,,0,0
2.0002607709750566,,0,0
2.010260770975057,,0,0
2.0202607709750566,,0,0
2.030260770975057,,0,0
2.0402607709750566,,0,0
2.050260770975057,,0,0
2.0602607709750567,,0,0
2.0702607709750565,,0,0
2.0802607709750567,187.20493020486597,0,0
2.0902607709750565,184.39757724315504,0,0
2.1002607709750567,178.7322348693457,0,0
2.1102607709750565,175.13472113621796,0,0
2.1202607709750567,173.6768097709784,0,0
2.1302607709750565,172.3173752497542,0,0
2.1402607709750567,172.93831118050983,0,0
2.1502607709750565,173.91207111648262,0,0
2.1602607709750568,176.46292877809597,0,0
2.1702607709750565,179.07896956179087,0,0
2.1802607709750568,179.71301950591143,0,0
2.1902607709750566,180.3948929692737,0,0
2.200260770975057,181.3922638505189,0,0
2.2102607709750566,175.57013688879925,0,0
2.220260770975057,161.9557443810315,0,0
2.2302607709750566,,0,0
2.240260770975057,,0,0
2.2502607709750566,,0,0
2.260260770975057,,0,0
2.2702607709750566,,0,0
2.280260770975057,,0,0
2.2902607709750566,,0,0
2.300260770975057,,0,0
2.3102607709750567,,0,0
2.320260770975057,,0,0
2.3302607709750567,215.73082481119403,0,0
2.3402607709750565,206.08246196288758,0,0
2.3502607709750567,199.20029142740188,0,0
2.3602607709750565,198.8055198780887,0,0
2.3702607709750567,199.86506162562475,0,0
2.3802607709750565,201.0125121856364,0,0
2.3902607709750567,202.37849908064425,0,0
2.4002607709750565,202.37106873672067,0,0
2.4102607709750568,200.80503096312196,0,0
2.4202607709750565,201.90580791726924,0,0
2.4302607709750568,202.53701294729916,0,0
2.4402607709750566,202.8204867763404,0,0
2.450260770975057,202.08325391681947,0,0
2.4602607709750566,200.17350481483197,0,0
2.470260770975057,198.57470180422328,0,0
2.4802607709750566,196.3917574747699,0,0
2.490260770975057,188.03164922405472,0,0
2.5002607709750566,,0,0
2.510260770975057,,0,0
2.5202607709750566,,0,0
2.530260770975057,,0,0
2.5402607709750566,,0,0
2.550260770975057,,0,0
2.5602607709750567,,0,0
2.570260770975057,,0,0
2.5802607709750567,,0,0
2.5902607709750565,,0,0
2.6002607709750567,,0,0
2.6102607709750565,,0,0
2.6202607709750567,199.19875861275483,0,0
2.6302607709750565,185.96263581176717,0,0
2.6402607709750567,175.32208994568617,0,0
2.6502607709750565,171.4530459961765,0,0
2.6602607709750568,168.1969508950501,0,0
2.6702607709750565,166.0093782028197,0,0
2.6802607709750568,164.72944464934244,0,0
2.6902607709750566,165.15043356568734,0,0
2.700260770975057,166.7924741122143,0,0
2.7102607709750566,167.00807151681278,0,0
2.720260770975057,168.80828735248042,0,0
2.7302607709750566,170.71130018600974,0,0
2.740260770975057,171.90325715576734,0,0
2.7502607709750566,173.27992454147102,0,0
2.760260770975057,173.22575722904705,0,0
2.7702607709750566,167.20010324905098,0,0
2.780260770975057,159.14037997351403,0,0
2.7902607709750566,,0,0
2.800260770975057,,0,0
2.8102607709750567,,0,0
2.820260770975057,,0,0
2.8302607709750567,,0,0
2.8402607709750565,,0,0
2.8502607709750567,,0,0
2.8602607709750565,,0,0
2.8702607709750567,,0,0
2.8802607709750565,,0,0
2.8902607709750567,,0,0
2.9002607709750565,178.25812397528824,0,0
2.9102607709750568,174.8998679183931,0,0
2.9202607709750565,174.89687046421955,0,0
2.9302607709750568,174.34071254220657,0,0
2.9402607709750566,173.29354077750287,0,0
2.950260770975057,172.29079968173744,0,0
2.9602607709750566,171.88478025718862,0,0
2.970260770975057,164.33474307729549,0,0
2.9802607709750566,162.28081643282445,0,0
2.990260770975057,160.79314621402065,0,0
3.0002607709750566,158.3579423298136,0,0
3.010260770975057,,0,0
3.0202607709750566,,0,0
3.030260770975057,,0,0
3.0402607709750566,,0,0
3.050260770975057,,0,0
3.0602607709750567,,0,0
3.070260770975057,,0,0
3.0802607709750567,,0,0
3.090260770975057,,0,0
3.1002607709750567,,0,0
3.1102607709750565,,0,0
3.1202607709750567,,0,0
3.1302607709750565,197.3424330309766,0,0
3.1402607709750567,179.53887210605419,0,0
3.1502607709750565,172.63248303220678,0,0
3.1602607709750568,172.37623610209525,0,0
3.1702607709750565,171.69957245238555,0,0
3.1802607709750568,169.383165841736,0,0
3.1902607709750566,167.0221757825,0,0
3.200260770975057,167.51917768348628,0,0
3.2102607709750566,167.7647173891491,0,0
3.220260770975057,167.12668716245395,0,0
3.2302607709750566,165.723542112141,0,0
3.240260770975057,165.52235255887607,0,0
3.2502607709750566,166.45136881181963,0,0
3.260260770975057,167.49938791908198,0,0
3.2702607709750566,168.40091209429497,0,0
3.280260770975057,167.620801367003,0,0
3.2902607709750566,166.03548118309303,0,0
3.300260770975057,166.27547936798868,0,0
3.3102607709750567,167.06985282294323,0,0
3.320260770975057,166.75863410418543,0,0
3.3302607709750567,167.00708850762175,0,0
3.340260770975057,164.91855313468113,0,0
3.3502607709750567,162.30563699916618,0,0
3.3602607709750565,161.50368444500504,0,0
3.3702607709750567,161.3440285572435,0,0
3.3802607709750565,160.52203570665392,0,0
3.3902607709750567,159.0731979447137,0,0
3.4002607709750565,159.55208202741767,0,0
3.4102607709750568,160.59731090359713,0,0
3.4202607709750565,161.66886310695136,0,0
3.4302607709750568,162.4089409514322,0,0
3.4402607709750566,163.47753400894334,0,0
3.450260770975057,164.4604879143587,0,0
3.4602607709750566,163.62553728653035,0,0
3.470260770975057,148.1266097958119,0,0
3.4802607709750566,152.43196946667652,0,0
3.490260770975057,,0,0
3.5002607709750566,,0,0
3.510260770975057,,0,0
3.5202607709750566,,0,0
3.530260770975057,157.8219432687603,0,0
3.5402607709750566,156.76527250845697,0,0
3.550260770975057,156.29717871519753,0,0
3.5602607709750567,156.67149742361084,0,0
3.570260770975057,157.65265632538717,0,0
3.5802607709750567,158.21610614367648,0,0
3.590260770975057,157.4253136344921,0,0
3.6002607709750567,154.36293184994068,0,0
3.6102607709750565,148.48287159774569,0,0
3.6202607709750567,146.90688121759192,0,0
3.6302607709750565,147.25301546577234,0,0
3.6402607709750567,157.65365624445394,0,0
3.6502607709750565,168.68942439244,0,0
3.6602607709750568,163.74487998679157,0,0
3.6702607709750565,163.1307409942839,0,0
3.6802607709750568,163.10482471642243,0,0
3.6902607709750566,162.8832788944889,0,0
3.700260770975057,163.44089431082386,0,0
3.7102607709750566,163.70698561079405,0,0
3.720260770975057,163.63429374367985,0,0
3.7302607709750566,163.6589745291378,0,0
3.740260770975057,163.21044883463188,0,0
3.7502607709750566,161.20245090871512,0,0
3.760260770975057,158.842266616393,0,0
3.7702607709750566,157.72430919365243,0,0
3.780260770975057,157.4621647927283,0,0
3.7902607709750566,157.61950221903234,0,0
3.800260770975057,158.8208890949989,0,0
3.8102607709750567,159.49194139552966,0,0
3.820260770975057,159.4822618582119,0,0
3.8302607709750567,158.56962735028733,0,0
3.840260770975057,155.74041214379534,0,0
3.8502607709750567,154.32690813118637,0,0
3.8602607709750565,153.85831723281456,0,0
3.8702607709750567,153.48821390214474,0,0
3.8802607709750565,153.3304381483188,0,0
3.8902607709750567,153.68880795185842,0,0
3.9002607709750565,153.6609626744342,0,0
3.9102607709750568,153.42217679788737,0,0
3.9202607709750565,152.77020110179876,0,0
3.9302607709750568,153.31176601472686,0,0
3.9402607709750566,154.89083928580138,0,0
3.950260770975057,155.7962351676896,0,0
3.9602607709750566,155.03348354255215,0,0
3.970260770975057,155.92067306488752,0,0
3.9802607709750566,156.23110289522555,0,0
3.990260770975057,155.8548909610975,0,0
4.000260770975057,154.71393272502263,0,0
4.010260770975057,151.99581015725633,0,0
4.020260770975057,151.56279338919978,0,0
4.030260770975056,150.6974259397455,0,0
4.040260770975057,150.80782386855114,0,0
4.050260770975057,151.83025667887338,0,0
4.060260770975057,151.09219298061694,0,0
4.0702607709750565,149.28348864825583,0,0
4.080260770975057,148.41639225170724,0,0
4.090260770975057,150.24628910161636,0,0
4.100260770975057,153.55376254348081,0,0
4.1102607709750565,156.15585192798608,0,0
4.120260770975056,159.04710019294345,0,0
4.130260770975057,163.15658903013528,0,0
4.140260770975057,162.9789746929578,0,0
4.1502607709750565,162.82697097086842,0,0
4.160260770975056,161.07087715777885,0,0
4.170260770975057,,0,0
4.180260770975057,,0,0
4.190260770975057,,0,0
4.200260770975056,,0,0
4.210260770975057,,0,0
4.220260770975057,,0,0
4.230260770975057,,0,0
4.240260770975056,,0,0
4.250260770975057,,0,0
4.260260770975057,,0,0
4.270260770975057,,0,0
4.280260770975056,199.9119810356976,0,0
4.290260770975057,195.5742808819688,0,0
4.300260770975057,197.31323130922252,0,0
4.310260770975057,199.90553978733516,0,0
4.3202607709750565,203.33722348257805,1,0
4.330260770975057,207.8398947570168,0,0
4.340260770975057,213.78522642297554,0,0
4.350260770975057,219.79381207585848,0,0
4.3602607709750565,225.41304229140349,0,0
4.370260770975057,230.51684043632602,0,0
4.380260770975057,236.26642039006032,0,0
4.390260770975057,241.3755079090928,0,1
4.4002607709750565,246.60700194514408,0,0
4.410260770975056,249.32459320553488,0,0
4.420260770975057,250.06854358903624,0,0
4.430260770975057,250.33371489975457,0,0
4.440260770975057,247.59524329925318,0,0
4.450260770975056,239.17390224160292,0,0
4.460260770975057,233.27922388238864,0,0
4.470260770975057,225.8411992660118,0,0
4.480260770975057,222.52093141638338,0,0
4.490260770975056,220.30323233925347,0,0
4.500260770975057,217.08699481929781,0,0
4.510260770975057,214.28666088079294,0,0
4.520260770975057,211.48459305806801,0,0
4.530260770975056,206.6657538381144,0,0
4.540260770975057,201.00877821850645,0,0
4.550260770975057,197.90144068111252,0,0
4.560260770975057,193.7687887673327,0,0
4.5702607709750565,185.59068942533077,0,0
4.580260770975057,176.86954088848574,0,0
4.590260770975057,173.13239800023305,0,0
4.600260770975057,166.9887314402467,0,0
4.6102607709750565,161.89409457317385,0,0
4.620260770975057,156.0171378573864,0,0
4.630260770975057,154.3309446815772,0,0
4.640260770975057,155.1453019152133,0,0
4.6502607709750565,155.83591207368562,0,0
4.660260770975056,155.71018573922137,0,0
4.670260770975057,155.65117390776473,0,0
4.680260770975057,156.93112798111326,0,0
4.690260770975057,159.28992771240246,0,0
4.700260770975056,161.8058059663261,0,0
4.710260770975057,164.5891091257917,0,0
4.720260770975057,163.15372824821682,0,0
4.730260770975057,161.24265497142463,0,0
4.740260770975056,157.81490929499836,0,0
4.750260770975057,156.05796927178068,0,0
4.760260770975057,,0,0
4.770260770975057,,0,0
4.780260770975056,,0,0
4.790260770975057,117.1250203499147,0,0
4.800260770975057,123.35007681699776,0,0
4.810260770975057,140.81194351782568,0,0
4.8202607709750565,138.7614718084472,0,0
4.830260770975057,123.28542852399445,0,0
4.840260770975057,77.38034535057271,0,0
4.850260770975057,81.5710245035465,0,0
4.8602607709750565,83.88158097967614,0,0
4.870260770975057,82.53922466634616,0,0
4.880260770975057,168.37330104301253,0,0
4.890260770975057,169.1101535320379,0,0
4.9002607709750565,169.82408289171818,0,0
4.910260770975056,170.3476105428355,0,0
4.920260770975057,171.59034084993334,0,0
4.930260770975057,172.27209641533952,0,0
4.940260770975057,171.43759871048422,0,0
4.950260770975056,162.8427470903079,0,0
4.960260770975057,159.4070986905935,0,0
4.970260770975057,156.06379125919221,0,0
4.980260770975057,151.4062246903553,0,0
4.990260770975056,156.49013816922002,0,0
5.000260770975057,169.0398469856318,0,0
5.010260770975057,,0,0
5.020260770975057,,0,0
5.030260770975056,,0,0
5.040260770975057,,0,0
5.050260770975057,,0,0
5.060260770975057,172.15714947470883,0,0
5.0702607709750565,173.09459660771157,0,0
5.080260770975057,175.91227419371316,0,0
5.090260770975057,178.11634796012726,0,0
5.100260770975057,180.04565534164308,0,0
5.1102607709750565,181.3661551832374,0,0
5.120260770975057,184.97644955090342,0,0
5.130260770975057,188.8383081369529,0,0
5.140260770975057,187.79078609256345,0,0
5.1502607709750565,,0,0
5.160260770975056,,0,0
5.170260770975057,,0,0
5.180260770975057,,0,0
5.190260770975057,,0,0
5.200260770975056,,0,0
5.210260770975057,,0,0
5.220260770975057,,0,0
5.230260770975057,,0,0
5.240260770975056,,0,0
5.250260770975057,,0,0
5.260260770975057,,0,0
5.270260770975057,,0,0
5.280260770975056,,0,0
5.290260770975057,,0,0
5.300260770975057,,0,0
5.310260770975057,,0,0
5.3202607709750565,176.1589072651162,0,0
5.330260770975057,165.02435803700484,0,0
5.340260770975057,159.47686049231825,0,0
5.350260770975057,157.25459641608117,0,0
5.3602607709750565,155.6947851800464,0,0
5.370260770975057,155.67070240990174,0,0
5.380260770975057,155.81912131109218,0,0
5.390260770975057,155.37649889097085,0,0
5.4002607709750565,154.59711363536726,0,0
5.410260770975056,154.89817033220874,0,0
5.420260770975057,154.55903027126357,0,0
5.430260770975057,152.4211224258621,0,0
5.440260770975057,152.16600531211202,0,0
5.450260770975056,153.76882499254222,0,0
5.460260770975057,154.51349004939317,0,0
5.470260770975057,155.71523175316338,0,0
5.480260770975057,158.41549020991698,0,0
5.490260770975056,163.24511602737178,0,0
5.500260770975057,173.04050327956855,0,0
5.510260770975057,169.11292181713623,0,0
5.520260770975057,161.15695491622049,0,0
5.530260770975056,145.10682859420902,0,0
5.540260770975057,135.19148739429744,0,0
5.550260770975057,,0,0
5.560260770975057,,0,0
5.5702607709750565,,0,0
5.580260770975057,,0,0
5.590260770975057,,0,0
5.600260770975057,152.02232369844492,0,0
5.6102607709750565,146.41971861527935,0,0
5.620260770975057,143.76088069276855,0,0
5.630260770975057,141.76574137498628,0,0
5.640260770975057,140.03816490026455,0,0
5.6502607709750565,135.17337566278857,0,0
5.660260770975056,,0,0
5.670260770975057,,0,0
5.680260770975057,,0,0
5.690260770975057,,0,0
5.700260770975056,,0,0
5.710260770975057,,0,0
5.720260770975057,,0,0
5.730260770975057,,0,0
5.740260770975056,,0,0
5.750260770975057,,0,0
5.760260770975057,,0,0
5.770260770975057,,0,0
5.780260770975056,,0,0
5.790260770975057,,0,0
5.800260770975057,,0,0
5.810260770975057,,0,0
5.8202607709750565,,0,0
5.830260770975057,,0,0
5.840260770975057,,0,0
5.850260770975057,,0,0
5.8602607709750565,159.11675289168284,0,0
5.870260770975057,161.28120711125987,0,0
5.880260770975057,163.1207525801809,0,0
5.890260770975057,165.45997906017612,0,0
5.9002607709750565,169.79298029982698,0,0
5.910260770975056,172.6115238384295,0,0
5.920260770975057,168.47598307679084,0,0
5.930260770975057,,0,0
5.940260770975057,,0,0
5.950260770975056,,0,0
5.960260770975057,,0,0
5.970260770975057,,0,0
5.980260770975057,,0,0
5.990260770975056,,0,0
6.000260770975057,,0,0
6.010260770975057,,0,0
6.020260770975057,,0,0
6.030260770975056,,0,0
6.040260770975057,,0,0
6.050260770975057,,0,0
6.060260770975057,,0,0
6.0702607709750565,,0,0
6.080260770975057,,0,0
6.090260770975057,,0,0
6.100260770975057,217.4151247478227,0,0
6.1102607709750565,214.51439157351655,0,0
6.120260770975057,205.20012897076091,0,0
6.130260770975057,201.24055208693727,0,0
6.140260770975057,198.49955805035975,0,0
6.1502607709750565,196.17232300663673,0,0
6.160260770975057,194.2274181949168,0,0
6.170260770975057,192.30758661106663,0,0
6.180260770975057,182.02850911085008,0,0
6.190260770975057,189.93053746612173,0,0
6.200260770975056,,0,0
6.210260770975057,,0,0
6.220260770975057,,0,0
6.230260770975057,,0,0
6.240260770975056,,0,0
6.250260770975057,,0,0
6.260260770975057,,0,0
6.270260770975057,,0,0
6.280260770975056,,0,0
6.290260770975057,,0,0
6.300260770975057,,0,0
6.310260770975057,,0,0
6.3202607709750565,,0,0
6.330260770975057,,0,0
6.340260770975057,202.48727910230926,0,0
6.350260770975057,190.79203924931406,0,0
6.3602607709750565,188.63016153854625,0,0
6.370260770975057,189.51136033346853,0,0
6.380260770975057,191.20635608186922,0,0
6.390260770975057,195.68011609672894,0,0
6.4002607709750565,198.8097154398303,0,0
6.410260770975057,202.96508460031168,0,0
6.420260770975057,205.97183104401998,0,0
6.430260770975057,206.10400242790584,0,0
6.440260770975057,199.34474828584285,0,0
6.450260770975056,185.3006701858406,0,0
6.460260770975057,174.03890383938466,0,0
6.470260770975057,175.72126680598322,0,0
6.480260770975057,184.53796865447458,0,0
6.490260770975056,193.15054360657436,0,0
6.500260770975057,191.09803127959057,0,0
6.510260770975057,189.56372168848353,0,0
6.520260770975057,184.6029690419774,0,0
6.530260770975056,181.35288657578528,0,0
6.540260770975057,181.87660529112927,0,0
6.550260770975057,182.0312785803703,0,0
6.560260770975057,181.5381736160674,0,0
6.5702607709750565,180.19338480666374,0,0
6.580260770975057,180.5070975983422,0,0
6.590260770975057,182.61473500402002,0,0
6.600260770975057,183.37789766335865,0,0
6.6102607709750565,181.89309310462906,0,0
6.620260770975057,177.20478564730448,0,0
6.630260770975057,177.65362030584714,1,0
6.640260770975057,177.61247816978968,0,0
6.6502607709750565,204.0898615301974,0,0
6.660260770975057,210.35865224123475,0,1
6.670260770975057,212.3477968950512,0,0
6.680260770975057,214.43109222758628,0,0
6.690260770975057,217.3780698594091,0,0
6.700260770975056,220.35876058387365,0,0
6.710260770975057,223.30945939596867,0,0
6.720260770975057,223.8054377677337,0,0
6.730260770975057,202.23937678599404,0,0
6.740260770975056,203.78908386240576,0,0
6.750260770975057,,0,0
6.760260770975057,,0,0
6.770260770975057,,0,0
6.780260770975056,,0,0
6.790260770975057,,0,0
6.800260770975057,,0,0
6.810260770975057,,0,0
6.8202607709750565,,0,0
6.830260770975057,,0,0
6.840260770975057,,0,0
6.850260770975057,,0,0
6.8602607709750565,,0,0
6.870260770975057,251.42094156317515,0,0
6.880260770975057,250.97613503159067,0,0
6.890260770975057,248.623172724025,0,0
6.9002607709750565,239.7587144368322,0,0
6.910260770975057,226.6969179261282,0,0
6.920260770975057,211.1375413221116,0,0
6.930260770975057,,0,0
6.940260770975057,,0,0
6.950260770975056,,0,0
6.960260770975057,,0,0
6.970260770975057,94.3820407817944,0,0
6.980260770975057,75.97135868528362,0,0
6.990260770975056,,0,0
7.000260770975057,,0,0
7.010260770975057,,0,0
7.020260770975057,,0,0
7.030260770975056,,0,0
7.040260770975057,,0,0
7.050260770975057,,0,0
7.060260770975057,170.1048366068844,0,0
7.0702607709750565,166.2301929452164,0,0
7.080260770975057,164.91968296625473,0,0
7.090260770975057,162.7435001457971,0,0
7.100260770975057,159.39523268176484,0,0
7.1102607709750565,157.30469568834846,0,0
7.120260770975057,154.5205107533359,0,0
7.130260770975057,152.60812462670435,0,0
7.140260770975057,,0,0
7.1502607709750565,,0,0
7.160260770975057,,0,0
7.170260770975057,,0,0
7.180260770975057,,0,0
7.190260770975057,,0,0
7.200260770975056,,0,0
7.210260770975057,,0,0
7.220260770975057,,0,0
7.230260770975057,,0,0
7.240260770975056,189.2068166261596,0,0
7.250260770975057,177.78410314294172,0,0
7.260260770975057,175.87698691774642,0,0
7.270260770975057,174.6888324262231,0,0
7.280260770975056,174.9175603589419,0,0
7.290260770975057,173.073262998161,0,0
7.300260770975057,168.4785505707877,0,0
7.310260770975057,166.04060945672782,0,0
7.3202607709750565,166.870354409358,0,0
7.330260770975057,168.52138086205056,0,0
7.340260770975057,169.99216441097684,0,0
7.350260770975057,169.8860506763461,0,0
7.3602607709750565,168.6307969425687,0,0
7.370260770975057,167.22918704661492,0,0
7.380260770975057,164.9500109135064,0,0
7.390260770975057,162.9963262758421,0,0
7.4002607709750565,161.10672380991537,0,0
7.410260770975057,158.1702208578298,0,0
7.420260770975057,160.15251655310607,0,0
7.430260770975057,160.82371485738318,0,0
7.440260770975057,158.82495769572114,0,0
7.450260770975056,154.46540198487784,0,0
7.460260770975057,152.0954192691218,0,0
7.470260770975057,150.89099364231058,0,0
7.480260770975057,150.5672708140343,0,0
7.490260770975056,150.0044676992941,0,0
7.500260770975057,151.02897657157936,0,0
7.510260770975057,151.62252194850112,0,0
7.520260770975057,153.20624926335276,0,0
7.530260770975056,154.7827025770744,0,0
7.540260770975057,155.44534236522924,0,0
7.550260770975057,155.8072935259038,0,0
7.560260770975057,156.2023288054691,0,0
7.5702607709750565,156.56016104536533,0,0
7.580260770975057,157.024191048562,0,0
7.590260770975057,157.6839104922305,0,0
7.600260770975057,157.90594205326119,0,0
7.6102607709750565,158.53094279103763,0,0
7.620260770975057,159.79902977817497,0,0
7.630260770975057,161.5784443280591,0,0
7.640260770975057,162.44043159335854,0,0
7.6502607709750565,163.7185516772469,0,0
7.660260770975057,164.34286776413896,0,0
7.670260770975057,163.6010442959301,0,0
7.680260770975057,161.65080060595676,0,0
7.690260770975057,159.5614548848863,0,0
7.700260770975056,156.3506098230984,0,0
7.710260770975057,152.80798245139962,0,0
7.720260770975057,150.69482755097243,0,0
7.730260770975057,153.1593925134843,0,0
7.740260770975056,158.09318743694743,0,0
7.750260770975057,158.12188581619296,0,0
7.760260770975057,153.13259009752835,0,0
7.770260770975057,151.11032253037615,0,0
7.780260770975056,152.5702117130669,0,0
7.790260770975057,155.24892123845336,0,0
7.800260770975057,158.90779176038197,0,0
7.810260770975057,162.9080043337248,0,0
7.8202607709750565,164.44847036070615,0,0
7.830260770975057,162.56485833998727,0,0
7.840260770975057,160.32171086857986,0,0
7.850260770975057,160.05005676113265,0,0
7.8602607709750565,160.86804263542317,0,0
7.870260770975057,163.8028514035168,0,0
7.880260770975057,166.94310783336485,0,0
7.890260770975057,168.07589538188816,0,0
7.9002607709750565,168.92273082410884,0,0
7.910260770975057,167.69742666313462,0,0
7.920260770975057,164.77568328232368,0,0
7.930260770975057,163.01062874921755,0,0
7.940260770975057,,0,0
7.950260770975057,,0,0
7.960260770975057,,0,0
7.970260770975057,,0,0
7.980260770975057,,0,0
7.990260770975056,,0,0
8.000260770975057,,0,0
8.010260770975057,,0,0
8.020260770975057,173.65459420694046,0,0
8.030260770975056,171.48935031598654,0,0
8.040260770975056,166.48081394176734,0,0
8.050260770975056,162.16401261757147,0,0
8.060260770975058,158.95433498392217,0,0
8.070260770975057,,0,0
8.080260770975057,,0,0
8.090260770975057,,0,0
8.100260770975057,,0,0
8.110260770975056,,0,0
8.120260770975056,,0,0
8.130260770975056,,0,0
8.140260770975058,,0,0
8.150260770975057,,0,0
8.160260770975057,,0,0
8.170260770975057,,0,0
8.180260770975057,,0,0
8.190260770975057,,0,0
8.200260770975056,,0,0
8.210260770975056,,0,0
8.220260770975056,,0,0
8.230260770975057,,0,0
8.240260770975057,,0,0
8.250260770975057,165.20453248423527,0,0
8.260260770975057,160.59135866968603,0,0
8.270260770975057,159.9139136579377,0,0
8.280260770975056,158.1232708132356,0,0
8.290260770975056,155.41330602592566,0,0
8.300260770975056,152.7338418244877,0,0
8.310260770975058,149.60271369995252,0,0
8.320260770975057,147.24416126319883,0,0
8.330260770975057,145.2246666365595,0,0
8.340260770975057,144.43123513241673,0,0
8.350260770975057,142.44425405494596,0,0
8.360260770975056,141.250340483332,0,0
8.370260770975056,141.1244833883683,0,0
8.380260770975056,141.61060769939203,1,0
8.390260770975058,144.3492282933324,0,0
8.400260770975057,149.74289080346267,0,0
8.410260770975057,154.5154713000848,0,0
8.420260770975057,161.88774873557503,0,0
8.430260770975057,167.48290057020927,0,0
8.440260770975057,174.15167747264084,0,0
8.450260770975056,193.7706266292349,0,0
8.460260770975056,203.845454243336,0,0
8.470260770975056,211.49757334835022,0,1
8.480260770975057,217.39337349725102,0,0
8.490260770975057,218.82952649715554,0,0
8.500260770975057,217.7320101670008,0,0
8.510260770975057,218.4465452469339,0,0
8.520260770975057,215.99918896854982,0,0
8.530260770975056,,0,0
8.540260770975056,,0,0
8.550260770975056,,0,0
8.560260770975058,,0,0
8.570260770975057,189.80884851658215,0,0
8.580260770975057,189.72092505996233,0,0
8.590260770975057,188.3221928250101,0,0
8.600260770975057,186.56373619709532,0,0
8.610260770975056,185.2583587714952,0,0
8.620260770975056,179.4336271097102,0,0
8.630260770975056,177.55292003719157,0,0
8.640260770975058,177.05344481937234,0,0
8.650260770975057,176.4386877746982,0,0
8.660260770975057,177.78123553103623,0,0
8.670260770975057,178.92325885113112,0,0
8.680260770975057,178.5505858373844,0,0
8.690260770975057,178.3214039732844,0,0
8.700260770975056,178.2455778512029,0,0
8.710260770975056,179.09182209566845,0,0
8.720260770975058,181.60758284753925,0,0
8.730260770975057,181.61997455945757,0,0
8.740260770975057,180.2588469334589,0,0
8.750260770975057,180.9808686449947,0,0
8.760260770975057,175.42096060847643,0,0
8.770260770975057,148.14788709948238,0,0
8.780260770975056,,0,0
8.790260770975056,,0,0
8.800260770975056,,0,0
8.810260770975058,,0,0
8.820260770975057,,0,0
8.830260770975057,,0,0
8.840260770975057,,0,0
8.850260770975057,,0,0
8.860260770975056,,0,0
8.870260770975056,,0,0
8.880260770975056,,0,0
8.890260770975058,,0,0
8.900260770975057,,0,0
8.910260770975057,178.2873357110957,0,0
8.920260770975057,188.3137626739307,0,0
8.930260770975057,187.43790942423144,0,0
8.940260770975057,186.30199701621538,0,0
8.950260770975056,185.4496962724107,0,0
8.960260770975056,184.92629608268348,0,0
8.970260770975058,184.84316718094803,0,0
8.980260770975057,184.3451162361592,0,0
8.990260770975057,182.99213828518336,0,0
9.000260770975057,182.18908977048557,0,0
9.010260770975057,181.88355794990056,0,0
9.020260770975057,182.31123368870857,0,0
9.030260770975056,182.50860493577395,0,0
9.040260770975056,182.63520914630442,0,0
9.050260770975056,182.83373665279993,0,0
9.060260770975058,181.636593035585,0,0
9.070260770975057,178.2857556438141,0,0
9.080260770975057,177.81749292403526,0,0
9.090260770975057,177.1058321179154,0,0
9.100260770975057,175.98522796322922,0,0
9.110260770975056,175.55684282661525,0,0
9.120260770975056,172.9511405200795,0,0
9.130260770975056,172.20401068707773,0,0
9.140260770975058,171.8684245967953,0,0
9.150260770975057,171.97523684708975,0,0
9.160260770975057,171.56922460463798,0,0
9.170260770975057,171.4910600354162,0,0
9.180260770975057,171.74671549365974,0,0
9.190260770975057,171.74239644373205,0,0
9.200260770975056,174.26205261193027,0,0
9.210260770975056,178.27622494951498,1,0
9.220260770975058,180.79903819596464,0,0
9.230260770975057,187.99414172356123,0,0
9.240260770975057,199.0636149835789,0,1
9.250260770975057,198.58331050475493,0,0
9.260260770975057,194.12411024629733,0,0
9.270260770975057,175.17191815664668,0,0
9.280260770975056,174.64001971028927,0,0
9.290260770975056,172.591528629931,0,0
9.300260770975056,,0,0
9.310260770975058,,0,0
9.320260770975057,,0,0
9.330260770975057,211.4666434820003,0,0
9.340260770975057,213.64618285290902,0,0
9.350260770975057,215.54758428205866,0,0
9.360260770975056,217.8945028533453,0,0
9.370260770975056,220.97077866885516,0,0
9.380260770975056,224.54248221448344,0,0
9.390260770975058,226.28115555237457,0,0
9.400260770975057,221.4726678162282,0,0
9.410260770975057,212.07487808197175,0,0
9.420260770975057,222.13506137833673,0,0
9.430260770975057,228.81729377611632,0,0
9.440260770975057,231.71514102254932,0,0
9.450260770975056,231.70894699424605,0,0
9.460260770975056,231.04435024199685,0,0
9.470260770975058,229.30729378465236,0,0
9.480260770975057,225.98454616078152,0,0
9.490260770975057,219.50935323944563,0,0
9.500260770975057,204.74424069305212,0,0
9.510260770975057,170.23224740833953,0,0
9.520260770975057,,0,0
9.530260770975056,,0,0
9.540260770975056,,0,0
9.550260770975056,,0,0
9.560260770975058,,0,0
9.570260770975057,,0,0
9.580260770975057,,0,0
9.590260770975057,,0,0
9.600260770975057,184.4698054731043,0,0
9.610260770975056,183.49324347852632,0,0
9.620260770975056,175.14649628599858,0,0
9.630260770975056,167.92871415543507,0,0
9.640260770975058,163.18979856673468,0,0
9.650260770975057,163.9563637855015,0,0
9.660260770975057,160.336487067357,0,0
9.670260770975057,159.78843443512304,0,0
9.680260770975057,158.28395999106564,0,0
9.690260770975057,,0,0
9.700260770975056,,0,0
9.710260770975056,,0,0
9.720260770975058,,0,0
9.730260770975057,,0,0
9.740260770975057,,0,0
9.750260770975057,,0,0
9.760260770975057,178.66585711360287,0,0
9.770260770975057,176.827761075214,0,0
9.780260770975056,174.40631733424442,0,0
9.790260770975056,173.84498338331306,0,0
9.800260770975056,173.88438887518097,0,0
9.810260770975058,175.08277205345792,0,0
9.820260770975057,175.4303692511015,0,0
9.830260770975057,173.52913927058006,0,0
9.840260770975057,172.29846205516083,0,0
9.850260770975057,165.6964215189147,0,0
9.860260770975056,167.7245328451422,0,0
9.870260770975056,173.37890069180517,0,0
9.880260770975056,,0,0
9.890260770975058,,0,0
9.900260770975057,,0,0
9.910260770975057,,0,0
9.920260770975057,,0,0
9.930260770975057,172.25357863170842,0,0
9.940260770975057,170.781149375787,0,0
9.950260770975056,169.3029702544572,0,0
9.960260770975056,168.30215060669812,0,0
9.970260770975058,166.13373008348856,0,0
9.980260770975057,164.52149951826812,0,0
9.990260770975057,163.86525975355576,0,0
10.000260770975057,163.11973159488073,0,0
10.010260770975057,160.82941101099095,0,0
10.020260770975057,154.73081839011132,0,0
10.030260770975056,150.63928760329472,0,0
10.040260770975056,152.77536130250246,0,0
10.050260770975056,155.0336998931664,0,0
10.060260770975058,156.47266308360292,0,0
10.070260770975057,156.09809122707784,1,0
10.080260770975057,157.25764049075022,0,0
10.090260770975057,166.33152946274842,0,0
10.100260770975057,177.4519150559173,0,1
10.110260770975056,177.16905975088522,0,0
10.120260770975056,170.1458406535708,0,0
10.130260770975056,166.9011902491357,0,0
10.140260770975058,161.47615976885032,0,0
10.150260770975057,157.85344716264075,0,0
10.160260770975057,157.45894698598735,0,0
10.170260770975057,155.6077473937332,0,0
10.180260770975057,156.5657864830179,0,0
10.190260770975057,153.47755103777774,0,0
10.200260770975056,148.1377912551929,0,0
10.210260770975056,144.74257446406267,0,0
10.220260770975058,143.07972128969084,0,0
10.230260770975057,137.62625581198336,0,0
10.240260770975057,137.5777482146334,0,0
10.250260770975057,139.35519394473562,0,0
10.260260770975057,143.26608636117942,0,0
10.270260770975057,146.07145573550667,0,0
10.280260770975056,148.8455525585694,0,0
10.290260770975056,149.29704588618782,0,0
10.300260770975056,147.22537020723956,0,0
10.310260770975058,141.37260265030162,0,0
10.320260770975057,,0,0
10.330260770975057,,0,0
10.340260770975057,,0,0
10.350260770975057,,0,0
10.360260770975056,,0,0
10.370260770975056,,0,0
10.380260770975056,,0,0
10.390260770975058,,0,0
10.400260770975057,,0,0
10.410260770975057,,0,0
10.420260770975057,,0,0
10.430260770975057,,0,0
10.440260770975057,,0,0
10.450260770975056,158.00893397841165,0,0
10.460260770975056,156.37129780834485,0,0
10.470260770975058,157.55057150783608,0,0
10.480260770975057,157.49794430729096,0,0
10.490260770975057,156.79685398137136,0,0
10.500260770975057,156.09205427199623,0,0
10.510260770975057,156.2796664475775,0,0
10.520260770975057,155.60082791146436,0,0
10.530260770975056,150.45689210250376,0,0
10.540260770975056,148.2007764571876,0,0
10.550260770975056,146.6603552679286,0,0
10.560260770975058,146.03937872996693,0,0
10.570260770975057,145.52641669065875,0,0
10.580260770975057,145.41273618582596,0,0
10.590260770975057,144.77739090107173,0,0
10.600260770975057,144.9600595420427,0,0
10.610260770975056,148.419517220717,0,0
10.620260770975056,,0,0
10.630260770975056,,0,0
10.640260770975058,,0,0
10.650260770975057,,0,0
10.660260770975057,,0,0
10.670260770975057,,0,0
10.680260770975057,,0,0
10.690260770975057,153.5235876463195,0,0
10.700260770975056,159.54525351679746,0,0
10.710260770975056,,0,0
10.720260770975058,,0,0
10.730260770975057,79.34331103614264,0,0
10.740260770975057,79.36441393649403,0,0
10.750260770975057,79.31471286331262,0,0
10.760260770975057,162.21521062427803,0,0
10.770260770975057,163.51247444794168,0,0
10.780260770975056,163.96204772593197,0,0
10.790260770975056,163.96084558327985,0,0
10.800260770975056,163.777839085325,0,0
10.810260770975058,162.97999397702802,0,0
10.820260770975057,161.72721103104573,0,0
10.830260770975057,160.20023593702524,0,0
10.840260770975057,159.84671948248206,0,0
10.850260770975057,159.3071303027996,0,0
10.860260770975056,158.3864752915077,0,0
10.870260770975056,155.4820621737038,0,0
10.880260770975056,151.7301425561219,0,0
10.890260770975058,149.58522651862936,0,0
10.900260770975057,148.28165541700568,0,0
10.910260770975057,147.093005370333,0,0
10.920260770975057,144.82252788906345,0,0
10.930260770975057,143.17333609828302,0,0
10.940260770975057,142.66754612584288,0,0
10.950260770975056,,0,0
10.960260770975056,,0,0
10.970260770975058,75.51890956626987,0,0
10.980260770975057,77.36544169925568,0,0
10.990260770975057,80.75053949073722,0,0
11.000260770975057,87.23314890507471,0,0
11.010260770975057,89.33673045429586,0,0
11.020260770975057,89.59125476028974,0,0
11.030260770975056,97.05521456574124,0,0
11.040260770975056,,0,0
11.050260770975056,,0,0
11.060260770975058,,0,0
11.070260770975057,248.96868034217903,0,0
11.080260770975057,243.53808654447386,0,0
11.090260770975057,230.8523510946175,0,0
11.100260770975057,,0,0
11.110260770975056,,0,0
11.120260770975056,,0,0
11.130260770975056,,0,0
11.140260770975058,,0,0
11.150260770975057,,0,0
11.160260770975057,,0,0
11.170260770975057,,0,0
11.180260770975057,,0,0
11.190260770975057,284.4197780182526,0,0
11.200260770975056,,0,0
11.210260770975056,,0,0
11.220260770975058,,0,0
11.230260770975057,,0,0
11.240260770975057,195.2452781892004,0,0
11.250260770975057,195.3352640270082,0,0
11.260260770975057,193.09964554799694,0,0
11.270260770975057,191.48274275139724,0,0
11.280260770975056,189.8403358211258,0,0
11.290260770975056,185.3970045947574,0,0
11.300260770975056,169.4510600558349,0,0
11.310260770975058,187.33806074060226,0,0
11.320260770975057,191.88237118203395,0,0
11.330260770975057,188.79594655845978,0,0
11.340260770975057,182.77157864354774,0,0
11.350260770975057,180.7021128523397,0,0
11.360260770975056,180.35545326246654,0,0
11.370260770975056,178.51584876239892,0,0
11.380260770975056,176.3721546568013,0,0
11.390260770975058,174.84917365775578,0,0
11.400260770975057,175.34987003316243,0,0
11.410260770975057,176.12624197515458,0,0
11.420260770975057,177.519620984555,0,0
11.430260770975057,178.67721007169288,0,0
11.440260770975057,177.94174715936552,0,0
11.450260770975056,175.18265366181808,0,0
11.460260770975056,186.81206114650078,0,0
11.470260770975058,188.1790867615292,0,0
11.480260770975057,,0,0
11.490260770975057,,0,0
11.500260770975057,,0,0
11.510260770975057,,0,0
11.520260770975057,,0,0
11.530260770975056,,0,0
11.540260770975056,,0,0
11.550260770975056,,0,0
11.560260770975058,,0,0
11.570260770975057,215.80941395176734,0,0
11.580260770975057,212.34876526974318,0,0
11.590260770975057,208.9192208472565,0,0
11.600260770975057,207.17691694646484,0,0
11.610260770975056,206.43768485235398,0,0
11.620260770975056,206.7095303203734,0,0
11.630260770975056,210.10975846841438,0,0
11.640260770975058,207.86569423904757,0,0
11.650260770975057,194.86542886157545,0,0
11.660260770975057,,0,0
11.670260770975057,,0,0
11.680260770975057,,0,0
11.690260770975057,,0,0
11.700260770975056,,0,0
11.710260770975056,,0,0
11.720260770975058,,0,0
11.730260770975057,,0,0
11.740260770975057,176.02991855571378,0,0
11.750260770975057,191.5941992781645,0,0
11.760260770975057,181.18875891049024,0,0
11.770260770975057,178.82956703344232,0,0
11.780260770975056,178.3939010240539,0,0
11.790260770975056,177.21158869577098,0,0
11.800260770975056,176.78227541639987,0,0
11.810260770975058,175.9808228697881,0,0
11.820260770975057,174.53143794562777,0,0
11.830260770975057,173.87308352397625,0,0
11.840260770975057,177.83112877831462,0,0
11.850260770975057,179.2861613678309,0,0
11.860260770975056,182.39156570688817,0,0
11.870260770975056,187.5836580215505,0,0
11.880260770975056,193.13534491975318,0,0
11.890260770975058,194.4905417124611,0,0
11.900260770975057,194.40880785880933,0,0
11.910260770975057,194.60676083925185,0,0
11.920260770975057,192.40013961984187,0,0
11.930260770975057,181.81373593553337,0,0
11.940260770975057,177.31936649148818,0,0
11.950260770975056,179.50604740595216,0,0
11.960260770975056,179.63982129683524,0,0
11.970260770975058,187.3371774190857,0,0
11.980260770975057,188.69010811724988,0,0
11.990260770975057,188.86715701654688,0,0
12.000260770975057,187.9202750208617,0,0
12.010260770975057,186.12637764548467,0,0
12.020260770975057,182.85686471982115,0,0
12.030260770975056,180.6821601714381,0,0
12.040260770975056,181.40532834824484,0,0
12.050260770975058,180.16858544346883,0,0
12.060260770975058,178.79579491565647,0,0
12.070260770975057,177.18113054231995,0,0
12.080260770975057,175.47959600201773,0,0
12.090260770975057,175.24087213127066,0,0
12.100260770975057,176.76796031251592,0,0
12.110260770975056,177.0296178108745,0,0
12.120260770975056,177.94953060110024,0,0
12.130260770975056,179.23683573132988,0,0
12.140260770975058,180.8474269600282,0,0
12.150260770975057,181.64817568045456,0,0
12.160260770975057,181.6151064544267,0,0
12.170260770975057,181.6880489910842,0,0
12.180260770975057,184.83520227737952,0,0
12.190260770975057,184.6003243275572,0,0
12.200260770975056,,0,0
12.210260770975056,,0,0
12.220260770975058,,0,0
12.230260770975057,,0,0
12.240260770975057,,0,0
12.250260770975057,,0,0
12.260260770975057,,0,0
12.270260770975057,,0,0
12.280260770975056,,0,0
12.290260770975056,,0,0
12.300260770975058,,0,0
12.310260770975058,,0,0
12.320260770975057,,0,0
12.330260770975057,,0,0
12.340260770975057,,0,0
12.350260770975057,,0,0
12.360260770975056,166.81987958179033,0,0
12.370260770975056,167.3289882886114,0,0
12.380260770975056,168.07120777288995,0,0
12.390260770975058,168.18150937311893,0,0
12.400260770975057,167.65559211746066,0,0
12.410260770975057,166.71303612330735,0,0
12.420260770975057,164.6906708477065,0,0
12.430260770975057,159.9566551442546,0,0
12.440260770975057,152.88760469561464,0,0
12.450260770975056,,0,0
12.460260770975056,,0,0
12.470260770975058,83.38174644804786,0,0
12.480260770975057,84.22924091533585,0,0
12.490260770975057,,0,0
12.500260770975057,,0,0
12.510260770975057,,0,0
12.520260770975057,,0,0
12.530260770975056,,0,0
12.540260770975056,169.81468764734228,0,0
12.550260770975058,167.22055929323903,0,0
12.560260770975058,169.02583021762982,0,0
12.570260770975057,168.82772285450636,0,0
12.580260770975057,169.09806011504412,0,0
12.590260770975057,169.91526310065677,0,0
12.600260770975057,171.8947077019216,0,0
12.610260770975056,175.18588108461975,0,0
12.620260770975056,180.3965305542193,0,0
12.630260770975056,182.35397811721654,0,0
12.640260770975058,177.52008172112977,0,0
12.650260770975057,,0,0
12.660260770975057,,0,0
12.670260770975057,,0,0
12.680260770975057,,0,0
12.690260770975057,,0,0
12.700260770975056,,0,0
12.710260770975056,,0,0
12.720260770975058,,0,0
12.730260770975057,,0,0
12.740260770975057,,0,0
12.750260770975057,,0,0
12.760260770975057,,0,0
12.770260770975057,189.52756011740468,0,0
12.780260770975056,175.4379907845545,0,0
12.790260770975056,171.453378514405,0,0
12.800260770975058,166.8729584409248,0,0
12.810260770975058,164.112186435896,0,0
12.820260770975057,163.3999366988605,0,0
12.830260770975057,162.9169008333265,0,0
12.840260770975057,163.26915902237505,0,0
12.850260770975057,164.18018823603504,0,0
12.860260770975056,165.05928878042334,0,0
12.870260770975056,164.62179907389697,0,0
12.880260770975056,163.42346326743274,0,0
12.890260770975058,155.61957005337945,0,0
12.900260770975057,147.0590484736954,0,0
12.910260770975057,149.0517941216633,0,0
12.920260770975057,160.50631623859954,0,0
12.930260770975057,163.5312245305817,0,0
12.940260770975057,163.71154086868682,0,0
12.950260770975056,162.65109392093814,0,0
12.960260770975056,163.3621996521565,0,0
12.970260770975058,165.63922928283492,0,0
12.980260770975057,167.56335066373137,0,0
12.990260770975057,167.99805922455604,0,0
13.000260770975057,167.22932170696242,0,0
13.010260770975057,165.22701618040807,0,0
13.020260770975057,161.76475013249797,0,0
13.030260770975056,,0,0
13.040260770975056,,0,0
13.050260770975058,,0,0
13.060260770975058,,0,0
13.070260770975057,,0,0
13.080260770975057,,0,0
13.090260770975057,,0,0
13.100260770975057,,0,0
13.110260770975056,,0,0
13.120260770975056,,0,0
13.130260770975056,261.2091252476717,0,0
13.140260770975058,257.79633483161615,0,0
13.150260770975057,252.17556096456735,0,0
13.160260770975057,257.77348262707557,0,0
13.170260770975057,268.54290147241636,0,0
13.180260770975057,268.9829751639915,0,0
13.190260770975057,268.50564868463107,0,0
13.200260770975056,267.5848873385752,0,0
13.210260770975056,266.3247109230017,0,0
13.220260770975058,264.557255037709,0,0
13.230260770975057,255.8735171065785,0,0
13.240260770975057,243.65831243911515,0,0
13.250260770975057,,0,0
13.260260770975057,,0,0
13.270260770975057,,0,0
13.280260770975056,,0,0
13.290260770975056,,0,0
13.300260770975058,,0,0
13.310260770975058,,0,0
13.320260770975057,,0,0
13.330260770975057,248.18283586839004,0,0
13.340260770975057,243.74999686154936,0,0
13.350260770975057,240.12113154317478,0,0
13.360260770975056,238.03887895383008,0,0
13.370260770975056,237.49930509673788,0,0
13.380260770975056,238.3696818910378,0,0
13.390260770975058,240.2033843592201,0,0
13.400260770975057,242.35304673746563,0,0
13.410260770975057,243.28033492934705,0,0
13.420260770975057,243.33555764649648,0,0
13.430260770975057,242.93498202206146,0,0
13.440260770975057,241.04263552696798,0,0
13.450260770975056,237.61822945555156,0,0
13.460260770975056,230.20074885676848,0,0
13.470260770975058,219.1263480938989,0,0
13.480260770975057,219.3335383484054,0,0
13.490260770975057,229.01176151348213,0,0
13.500260770975057,229.82009031579827,0,0
13.510260770975057,234.9180581144924,0,0
13.520260770975057,238.41044640473044,0,0
13.530260770975056,238.39841105071474,0,0
13.540260770975056,236.57433010647526,0,0
13.550260770975058,234.31591562337877,0,0
13.560260770975058,232.61601866596078,0,0
13.570260770975057,230.10642921163063,0,0
13.580260770975057,225.41953393543656,0,0
13.590260770975057,222.2331099660406,0,0
13.600260770975057,217.9719551908051,0,0
13.610260770975056,213.05800405287462,0,0
13.620260770975056,207.27781710911927,0,0
13.630260770975056,200.2909591082505,0,0
13.640260770975058,188.48280720946687,0,0
13.650260770975057,181.6269821607746,0,0
13.660260770975057,173.28962749923008,0,0
13.670260770975057,165.65986705131286,0,0
13.680260770975057,162.63533980769554,0,0
13.690260770975057,160.79262253436892,0,0
13.700260770975056,168.14397636115118,0,0
13.710260770975056,,0,0
13.720260770975058,,0,0
13.730260770975057,,0,0
13.740260770975057,,0,0
13.750260770975057,,0,0
13.760260770975057,,0,0
13.770260770975057,,0,0
13.780260770975056,,0,0
13.790260770975056,,0,0
13.800260770975058,,0,0
13.810260770975058,,0,0
13.820260770975057,,0,0
13.830260770975057,168.6711547170946,0,0
13.840260770975057,168.03224184109317,0,0
13.850260770975057,165.6675933237704,0,0
13.860260770975056,163.82180374335914,0,0
13.870260770975056,162.09588100762832,0,0
13.880260770975056,160.68211576494986,0,0
13.890260770975058,157.94569069076158,0,0
13.900260770975057,147.96030609623804,0,0
13.910260770975057,,0,0
13.920260770975057,,0,0
13.930260770975057,,0,0
13.940260770975057,,0,0
13.950260770975056,,0,0
13.960260770975056,,0,0
13.970260770975058,,0,0
13.980260770975057,,0,0
13.990260770975057,,0,0
14.000260770975057,,0,0
14.010260770975057,,0,0
14.020260770975057,,0,0
14.030260770975056,,0,0
14.040260770975056,,0,0
14.050260770975058,,0,0
14.060260770975058,,0,0
14.070260770975057,,0,0
14.080260770975057,,0,0
14.090260770975057,,0,0
14.100260770975057,176.5047797692761,0,0
14.110260770975056,176.50962496531858,0,0
14.120260770975056,174.87158951281614,0,0
14.130260770975056,173.111500013544,0,0
14.140260770975058,169.58233467549283,0,0
14.150260770975057,167.60224552481634,0,0
14.160260770975057,167.6171357029301,0,0
14.170260770975057,169.5286346095839,0,0
14.180260770975057,172.43652191245553,0,0
14.190260770975057,173.97689147812738,0,0
14.200260770975056,174.05556059808586,0,0
14.210260770975056,173.61106599174235,0,0
14.220260770975058,172.8670448892431,0,0
14.230260770975057,172.56942309683086,0,0
14.240260770975057,173.29589285767503,0,0
14.250260770975057,173.4542643874518,0,0
14.260260770975057,172.25374548509387,0,0
14.270260770975057,168.84093746661043,0,0
14.280260770975056,164.4507637489055,0,0
14.290260770975056,162.838210989737,0,0
14.300260770975058,158.9864821536784,0,0
14.310260770975058,155.4495062994203,0,0
14.320260770975057,149.28951115999914,0,0
14.330260770975057,142.03379297291374,0,0
14.340260770975057,136.89137066872487,0,0
14.350260770975057,133.8969521849695,0,0
14.360260770975056,118.14539439431768,0,0
14.370260770975056,116.79891276600885,0,0
14.380260770975056,113.12844789882587,0,0
14.390260770975058,107.16704606075855,0,0
14.400260770975057,108.18041449172465,0,0
14.410260770975057,107.84129510933383,0,0
14.420260770975057,103.54308086021614,0,0
14.430260770975057,,0,0
14.440260770975057,,0,0
14.450260770975056,,0,0
14.460260770975056,,0,0
14.470260770975058,,0,0
14.480260770975057,,0,0
14.490260770975057,,0,0
14.500260770975057,,0,0
14.510260770975057,184.21084484896878,0,0
14.520260770975057,178.3653574228253,0,0
14.530260770975056,167.9408044275915,0,0
14.540260770975056,,0,0
14.550260770975058,,0,0
14.560260770975058,,0,0
14.570260770975057,,0,0
14.580260770975057,,0,0
14.590260770975057,,0,0
14.600260770975057,,0,0
14.610260770975056,,0,0
14.620260770975056,,0,0
